,mun_code,mun_name,province,Adult_emp,overcrowding,empSector,difficulty,typeDwelling,circumstance_measure
0,ZA,South Africa,Western Cape,0.5780694937066063,0.8379046518531083,0.7467354372190287,0.9069120454181325,0.7822610689418835,0.7703765394277519
1,WC044,George,Western Cape,0.7964011073515841,0.8201126307320997,0.7904518527122778,0.9256131885806193,0.8690292758089369,0.8403216110371036
2,WC047,Bitou,Western Cape,0.7707310601034895,0.8358596203741636,0.7425312330255296,0.9238814642649622,0.7478202548625084,0.8041647265261308
3,WC048,Knysna,Western Cape,0.7870668434008711,0.8713988713988714,0.7346096096096096,0.9391474464579901,0.7454068241469817,0.8155259190028649
4,WC051,Laingsburg,Western Cape,0.8284982935153583,0.7566844919786097,0.897025171624714,0.9475138121546961,0.9674935842600513,0.8794430707066859
5,WC052,Prince Albert,Western Cape,0.7009472259810555,0.7170418006430869,0.7455516014234875,0.9305977710233029,0.9414414414414415,0.807115968102475
6,WC053,Beaufort West,Mpumalanga,0.596495588418044,0.8586171310629515,0.7634478289047311,0.9205315975047464,0.9799529761168172,0.8238090244014581
7,MP303,Mkhondo,Mpumalanga,0.5113798717480148,0.866782122160794,0.6536144578313253,0.8927679908708366,0.6216144538372286,0.7092317792896399
8,MP311,Victor Khanye,North West,0.7065814886346754,0.892786785876648,0.6911669890393295,0.8855852156057495,0.8160962486922732,0.7984433455697352
9,MP322,Mbombela,North West,0.667182374144425,0.9243657409691051,0.6968562136592096,0.9202677385591022,0.9508490665541609,0.8319042267772006
10,NW373,Rustenburg,North West,0.7456741721854304,0.8639921496190256,0.734671801306737,0.9092209468652968,0.7484179157784301,0.800395397150984
11,NW384,Ditsobotla,Northern Cape,0.5936565134620615,0.8171879849639618,0.629512349588347,0.890251357474199,0.7441121175867373,0.7349440646150613
12,NW396,Lekwa-Teemane,Northern Cape,0.5614312856238125,0.7986413331918055,0.5762491888384166,0.9047090182141271,0.8000630715862503,0.7282187794908825
13,NC062,Nama Khoi,Northern Cape,0.6871725990597717,0.8896589210490555,0.6798159105851413,0.8963804116394606,0.9699298813376483,0.8245915447342155
14,NC071,Ubuntu,Northern Cape,0.6974072858549393,0.803122878479294,0.6716763005780347,0.9136539136539137,0.8831083305893974,0.7937937418311158
15,NC077,Siyathemba,Northern Cape,0.6967403958090803,0.7589025102159953,0.7711561382598331,0.9236476043276661,0.9035900405327157,0.8108073378290581
16,NC085,Tsantsabane,Western Cape,0.731462611694623,0.8577131906739061,0.6285714285714286,0.9078903376797058,0.789506853631637,0.7830288844502601
17,NC094,Phokwane,Western Cape,0.5557030351296346,0.7952397931895169,0.6728476821192053,0.8425451092117759,0.8684395914054245,0.7469550422111114
18,WC012,Cederberg,Western Cape,0.8381178232651023,0.8233401955738548,0.8572749691738595,0.9391640226238102,0.8948695323332914,0.8705533085939836
19,WC024,Stellenbosch,Western Cape,0.7513745224117044,0.8749562784190277,0.7604983353023306,0.9235292129895584,0.8114942528735632,0.8243705203992369
20,WC033,Cape Agulhas,Eastern Cape,0.8958652373660031,0.8959857623096698,0.8038601982263954,0.9334584897788902,0.853431562621171,0.8765202500604259
21,WC045,Oudtshoorn,Eastern Cape,0.7085714285714285,0.7607906918553734,0.8032629558541267,0.9403908151852095,0.9000987898246481,0.8226229362581572
22,EC102,Blue Crane Route,Eastern Cape,0.5162517289073306,0.8700297775442284,0.5613660618996799,0.9117533718689788,0.9703021882598124,0.7659406256960061
23,EC103,Ikwezi,Eastern Cape,0.6525735294117647,0.8950310559006212,0.5697399527186762,0.9242524916943522,0.9792556436851739,0.8041705346821177
24,EC104,Makana,Eastern Cape,0.606590992310509,0.8445428614322174,0.6574561403508772,0.8970506839566695,0.8617623282134196,0.7734806012527385
25,EC106,Sundays River Valley,Eastern Cape,0.6958907056798623,0.8686426774581647,0.7407407407407407,0.9121007227792026,0.8655034138940068,0.8165756521103953
26,EC107,Baviaans,Eastern Cape,0.6069489685124865,0.8255350018135654,0.5629251700680272,0.8979284369114877,0.9634408602150538,0.7713556875041241
27,EC108,Kouga,Eastern Cape,0.7686595826398669,0.8632292901356513,0.649728555917481,0.924175667993178,0.7977682067345341,0.8007122606841423
28,EC109,Kou-Kamma,Eastern Cape,0.8515730844497967,0.7570794428287158,0.6820869565217391,0.928745729624207,0.919673863807942,0.8278318154464803
29,EC121,Mbhashe,Eastern Cape,0.21072864916016087,0.42950255299396567,0.6622915927633912,0.9102766470050677,0.26628323010041166,0.4958165344045995
30,EC123,Great Kei,Eastern Cape,0.4492486967187979,0.48666997847325716,0.6027060270602707,0.905433563071005,0.6108001317089233,0.6109716794064508
31,EC124,Amahlathi,Eastern Cape,0.3981064649371142,0.6845287166804067,0.6195995785036881,0.8759648265754763,0.5918162763145903,0.6340031726022551
32,EC126,Ngqushwa,Eastern Cape,0.26252921319137884,0.6946378515236459,0.6288135593220339,0.8695491841062045,0.7339840283939663,0.637902767307446
33,EC127,Nkonkobe,Eastern Cape,0.3290246768507638,0.8123573128673435,0.720701754385965,0.8825293282129517,0.6897847131917353,0.686879557101752
34,EC131,Inxuba Yethemba,Eastern Cape,0.644391188127938,0.8710308222367074,0.75502351432236,0.90380859375,0.9798379672251887,0.8308184171324389
35,EC132,Tsolwana,Eastern Cape,0.333552956679295,0.8071486596263201,0.6318493150684932,0.904036029793868,0.865640532307199,0.708445498695035
36,EC133,Inkwanca,Eastern Cape,0.4503948667324778,0.8039559339008513,0.7199341021416804,0.9066459787949315,0.9719004190288391,0.770566260119756
37,EC134,Lukanji,Eastern Cape,0.4662729511867443,0.8324549472968378,0.6603351955307263,0.8916983467421095,0.8924207444112844,0.7486364370335405
38,EC136,Emalahleni,Eastern Cape,0.24546304957904583,0.7002678241595862,0.7078825347758887,0.8820031904094359,0.5527501023611301,0.6176733402570174
39,EC137,Engcobo,Eastern Cape,0.22408652846148513,0.4560733656865544,0.717577706323687,0.9070629242340855,0.2603250641573995,0.5130251177726424
40,EC138,Sakhisizwe,Eastern Cape,0.39008585776769805,0.6973170317541179,0.6347256347256347,0.9051716644936983,0.6100430891614186,0.6474686555805136
41,EC141,Elundini,Eastern Cape,0.28746649039697403,0.7127988958107957,0.6638176638176638,0.904649119456011,0.3113193678794561,0.5760103074721802
42,EC142,Senqu,Eastern Cape,0.3579723850955173,0.7175185475151922,0.5539622641509434,0.8791178659563633,0.7140126451992354,0.6445167415834503
43,EC143,Maletswai,Eastern Cape,0.5810692375109553,0.8132198952879581,0.6124093473005641,0.9203166226912929,0.8676223685909854,0.7589274942763512
44,EC153,Ngquza Hill,Eastern Cape,0.2123266296809986,0.7641390792992897,0.7061745919091554,0.9176176562471287,0.3753650212855786,0.5951245956844302
45,EC154,Port St Johns,Eastern Cape,0.17053797087495487,0.7636646930507947,0.8189723320158103,0.9281691032213151,0.23278065199775602,0.5828249502321262
46,EC155,Nyandeni,Eastern Cape,0.23927227699195122,0.5968662315962042,0.7516758962401632,0.9140436646129119,0.3049358202654743,0.5613587779413409
47,EC156,Mhlontlo,Eastern Cape,0.24271720504360725,0.7402624131721122,0.7454945054945055,0.9007596703621185,0.3217342428655374,0.5901936073875762
48,EC441,Matatiele,Eastern Cape,0.3407982937233394,0.7083687166141625,0.6105559825775044,0.8741707390319147,0.48788316482105604,0.6043553793535954
49,EC442,Umzimvubu,Eastern Cape,0.2880824138471997,0.8150427536626546,0.7017602125539688,0.8776477849788177,0.3606893067042523,0.6086444943493787
50,EC443,Mbizana,Free State,0.24067164179104478,0.6200357156721923,0.6763884579584238,0.9156426315116768,0.3980593806286677,0.5701595655124011
51,EC444,Ntabankulu,Free State,0.1888647978937587,0.6629371788496602,0.7832469775474957,0.9160618362242178,0.21821100728604947,0.5538643595602365
52,FS161,Letsemeng,Free State,0.6249434474438245,0.9047976011994003,0.5408299866131191,0.8811077510743276,0.863528009535161,0.7630413591731666
53,FS162,Kopanong,Free State,0.5539001937984496,0.8820231566118221,0.5120772946859904,0.8601831549077776,0.9284509756685136,0.7473269551345108
54,FS163,Mohokare,Free State,0.5038796516231195,0.8279773156899811,0.5214953271028038,0.8652073732718895,0.8599312929419113,0.7156981921259411
55,FS181,Masilonyana,Free State,0.49109957352123124,0.8426032110091743,0.5992932862190813,0.8355813724524959,0.8364437775485323,0.721004244150103
56,FS182,Tokologo,Free State,0.5524489795918367,0.84289225727161,0.5704295704295704,0.8400511836212412,0.8444309927360775,0.7300505967300672
57,FS183,Tswelopele,Free State,0.5383036935704515,0.8440518256772673,0.6774668630338734,0.8445085316029801,0.7979491959916103,0.7404560219752366
58,FS184,Matjhabeng,Free State,0.5961954861249485,0.8936995021627356,0.7424605074198181,0.853646778584392,0.8067275490578473,0.7785459646699483
59,FS185,Nala,Free State,0.5259133964817321,0.92343974297628,0.6414115204981837,0.8301995533463007,0.7857191064318013,0.7413366639468597
60,FS192,Dihlabeng,Free State,0.6318765834238147,0.8248188488356195,0.7466487935656837,0.8816801139060275,0.7545663644973617,0.7679181408457015
61,FS193,Nketoana,Free State,0.5549991057055983,0.8274147727272727,0.7154861944777912,0.8831940575673166,0.709600634752711,0.738138953046138
62,FS194,Maluti a Phofung,Free State,0.41647424325118604,0.9264469898185037,0.6673296867230234,0.8589787196285178,0.8256505576208178,0.7389760394084098
63,FS195,Phumelela,Free State,0.596633844744676,0.9022333637192342,0.7669074195666448,0.8790791503500652,0.7256826901376664,0.7741072937036574
64,FS201,Moqhaka,Free State,0.5899640755178476,0.9268461272608579,0.6359247967479674,0.8545379367376473,0.8795336787564767,0.7773613230041594
65,FS203,Ngwathe,Free State,0.5438150510815867,0.9310675883256528,0.6775523145212429,0.862607980255039,0.8056150368784202,0.7641315942123884
66,FS204,Metsimaholo,Gauteng,0.6843495321460912,0.9449328832718423,0.7767332549941246,0.8778796236210253,0.8727279655527188,0.8313246519171605
67,FS205,Mafube,Gauteng,0.52708941863752,0.9191448931116389,0.589541547277937,0.8801632328058127,0.7183350597984745,0.7268548303262765
68,GT421,Emfuleni,Gauteng,0.6377904517408871,0.8918403911267669,0.7771972956361402,0.8869414606241658,0.8851164981050837,0.8157772194466087
69,GT423,Lesedi,Gauteng,0.7432336182336182,0.9326052853867504,0.7294205421536931,0.899009900990099,0.8724940334128878,0.8353526760354097
70,GT481,Mogale City,Gauteng,0.7748975241842925,0.8439961575408261,0.723866124491711,0.9011791229043282,0.795279318274043,0.8078436494790403
71,GT482,Randfontein,KwaZulu-Natal,0.7657070647237689,0.8425580606882522,0.7733795150915388,0.8960582690659812,0.8431773594356555,0.8241760538010393
72,GT483,Westonaria,KwaZulu-Natal,0.6819955964771818,0.7208670671193523,0.7533087437622044,0.8893930496983932,0.6436292842871049,0.7378387482688473
73,KZN211,Vulamehlo,KwaZulu-Natal,0.2807129623714304,0.7320941445156379,0.6994350282485876,0.862450925406618,0.29873594613479004,0.5746858013354128
74,KZN212,Umdoni,KwaZulu-Natal,0.5557749931898666,0.8070406887932232,0.7229965156794426,0.8841211392500188,0.7228111233480177,0.7385488920521138
75,KZN213,Umzumbe,KwaZulu-Natal,0.2899596429008194,0.7187528242205151,0.6820877817319099,0.8868219633943427,0.48587774766636554,0.6126999919827907
76,KZN214,UMuziwabantu,KwaZulu-Natal,0.34757068896853843,0.8040410043084237,0.7454337899543378,0.8964397792446704,0.4268388877933346,0.6440648300538611
77,KZN215,Ezingoleni,KwaZulu-Natal,0.35456515594082727,0.6427506522549385,0.6747448979591837,0.930884245964947,0.610608744290109,0.6427107392820012
78,KZN221,uMshwathi,KwaZulu-Natal,0.46570380559376434,0.8282077021354262,0.6477093206951027,0.9065439364217092,0.5437295231161267,0.6783788575924259
79,KZN222,uMngeni,KwaZulu-Natal,0.713277289353783,0.8471255826521651,0.7640636126275813,0.8584525628559523,0.848624154462468,0.80630864039039
80,KZN223,Mpofana,KwaZulu-Natal,0.5889212827988338,0.8210930828351836,0.6339869281045751,0.9004796163069544,0.6715513597294631,0.723206453955002
81,KZN224,Impendle,KwaZulu-Natal,0.2231578947368421,0.9386882829771555,0.7543859649122807,0.8930857874519846,0.39850724425581735,0.641565034866816
82,KZN225,The Msunduzi,KwaZulu-Natal,0.6133538735963028,0.870886390974325,0.7580866083658202,0.8907943625301716,0.7054278808733767,0.7677098232679993
83,KZN226,Mkhambathini,KwaZulu-Natal,0.5063686613794761,0.7927560366361366,0.663013698630137,0.888752088646557,0.3467968879324615,0.6395374746449538
84,KZN232,Emnambithi/Ladysmith,KwaZulu-Natal,0.5440271542757035,0.8284877318179816,0.7651781234320121,0.8952280668166371,0.7555273689505106,0.757689689058569
85,KZN233,Indaka,KwaZulu-Natal,0.18093194645272634,0.6536238532110091,0.8442857142857143,0.90796675451044,0.586539344412818,0.6346695225745416
86,KZN234,Umtshezi,KwaZulu-Natal,0.4369763779527559,0.7585837585837586,0.7506172839506173,0.8858339148639218,0.6139878529835326,0.6891998376669173
87,KZN235,Okhahlamba,KwaZulu-Natal,0.32903872859126676,0.7686847923050072,0.6930330015715034,0.9129086925970322,0.3671571829254236,0.6141644795980467
88,KZN236,Imbabazane,KwaZulu-Natal,0.3560371517027864,0.8092429540379997,0.79764121663563,0.898037000423669,0.5823556620831757,0.6886627969766521
89,KZN242,Nqutu,KwaZulu-Natal,0.21218750911583675,0.7658051346922347,0.6858580212409167,0.9061002178649238,0.6095967300883682,0.6359095226004561
90,KZN244,Msinga,KwaZulu-Natal,0.17555010831148102,0.6295397489539749,0.8387329013678906,0.903378961647552,0.3120930102568402,0.5718589461075477
91,KZN245,Umvoti,KwaZulu-Natal,0.3953488372093023,0.7896394650125993,0.5887009715725081,0.8903222381483251,0.4583736221233804,0.624477026813223
92,KZN252,Newcastle,KwaZulu-Natal,0.4848191344821556,0.8603546291283162,0.7424541979702122,0.891625544893467,0.9272441452698618,0.7812995303488026
93,KZN254,Dannhauser,KwaZulu-Natal,0.3931744464814554,0.7644518735199889,0.6232166018158236,0.8904811148864924,0.8245434691696483,0.6991735011746818
94,KZN261,eDumbe,KwaZulu-Natal,0.3696067885741604,0.808107787274454,0.6113074204946997,0.9052101719291364,0.6971421795327879,0.6782748695610478
95,KZN262,UPhongolo,KwaZulu-Natal,0.3822561394625484,0.7642787117388621,0.5925088795608654,0.8897865199235062,0.8104975160198719,0.6878655533411309
96,KZN263,Abaqulusi,KwaZulu-Natal,0.3580417910447761,0.8023758891251742,0.7615842609370955,0.8926561000285351,0.7565550379277544,0.7142426158126671
97,KZN265,Nongoma,KwaZulu-Natal,0.24783089186202356,0.6691333428205493,0.8307622504537205,0.8785620341955283,0.6208201008780123,0.6494217240419669
98,KZN266,Ulundi,KwaZulu-Natal,0.2679045770331018,0.7511339346228039,0.7746062992125984,0.901056458025673,0.5972377268361069,0.6583877991460568
99,KZN272,Jozini,KwaZulu-Natal,0.26534260665132,0.7365428078446621,0.7870508982035929,0.8840148897994162,0.7723211042499092,0.6890544613497801
100,KZN273,The Big 5 False Bay,KwaZulu-Natal,0.3159109421667119,0.7370552502169511,0.6633221850613155,0.9039694656488549,0.7687356979405034,0.6777987082068675
101,KZN274,Hlabisa,KwaZulu-Natal,0.2726058756199924,0.6011399620012666,0.788826815642458,0.8894863449837271,0.629683729201067,0.6363485454897023
102,KZN275,Mtubatuba,KwaZulu-Natal,0.351854367613096,0.6872587936927996,0.6601529311809685,0.8954905642363874,0.807499727876347,0.6804512769199198
103,KZN281,Mfolozi,KwaZulu-Natal,0.43262193953791334,0.6572917464939843,0.7505376344086021,0.9166555362628557,0.7179477295505358,0.6950109172507783
104,KZN283,Ntambanana,KwaZulu-Natal,0.3531724095571525,0.5114294422432185,0.8130929791271347,0.9056616832779624,0.5117600342110086,0.6190233096832953
105,KZN284,uMlalazi,KwaZulu-Natal,0.3116472881242019,0.635066589461494,0.7190426638917794,0.8784201345626713,0.553382675810869,0.6195118703702032
106,KZN285,Mthonjaneni,KwaZulu-Natal,0.38086774699424986,0.6365496446263192,0.8016164584864071,0.9028130043809085,0.445198105081826,0.6334089919139422
107,KZN286,Nkandla,KwaZulu-Natal,0.21356360572872787,0.6688145947529185,0.8523676880222841,0.8748572211815233,0.2629398719611699,0.5745085963293247
108,KZN291,Mandeni,KwaZulu-Natal,0.5487279299318782,0.830249396621078,0.7979029605263158,0.8890270921599875,0.60213627478358,0.733608730804568
109,KZN293,Ndwedwe,KwaZulu-Natal,0.25892456799917224,0.6586005037097543,0.6354051054384018,0.8626511521788729,0.44752246120337597,0.5726207581059155
110,KZN294,Maphumulo,KwaZulu-Natal,0.2118534696713988,0.7554342528511551,0.8580413297394429,0.8987307145201882,0.4013273472574663,0.6250774228079303
111,KZN431,Ingwe,KwaZulu-Natal,0.3167179787909886,0.7121034651049293,0.6247606892150607,0.8801561346133558,0.2199854121079504,0.550744735966457
112,KZN432,Kwa Sani,KwaZulu-Natal,0.7038703870387039,0.850597609561753,0.6319290465631929,0.8883564925730714,0.49538866930171277,0.7140284410076868
113,KZN434,Ubuhlebezwe,Limpopo,0.3600213374715096,0.7429043545878694,0.7444326617179216,0.9020364982808781,0.2518662142510906,0.600252213261854
114,KZN435,Umzimkhulu,Limpopo,0.270461981416045,0.8536824455049659,0.7658491439148543,0.903510966558252,0.2980774173649309,0.6183163909518097
115,LIM331,Greater Giyani,Limpopo,0.31905470585071094,0.871821977905809,0.7287054409005629,0.9519385051681033,0.8984662630210605,0.7539973785692493
116,LIM332,Greater Letaba,Limpopo,0.3164711987545407,0.9189888372850974,0.5907845579078456,0.9478189796093952,0.9368755952742821,0.7421878337662322
117,LIM333,Greater Tzaneen,Limpopo,0.44027926827764,0.8990963304430541,0.6261550308008214,0.9380207458695567,0.9416960272141902,0.7690494805210526
118,LIM335,Maruleng,Limpopo,0.31316232544320094,0.9269972451790633,0.6082406801831263,0.9330301777594047,0.9768613638587222,0.7516583584847035
119,LIM341,Musina,Limpopo,0.6966097695272556,0.776832794692975,0.5793186857488409,0.946943195069132,0.7716568195057003,0.7542722529087809
120,LIM342,Mutale,Limpopo,0.3304677623261694,0.8743795910264046,0.6103626943005181,0.9526762912388597,0.9047736341691709,0.7345319946122246
121,LIM343,Thulamela,Limpopo,0.37462572951027656,0.8691750652164616,0.5528705126414304,0.9193249872099671,0.8710969058721812,0.7174186400900635
122,LIM344,Makhado,Limpopo,0.4156530886344638,0.8970109527298358,0.5691106502378919,0.9359223870671192,0.9359099354316514,0.7507214028201925
123,LIM351,Blouberg,Limpopo,0.23768602566656233,0.8928194590992392,0.4762301918265221,0.951917438724053,0.9485074626865672,0.7014321156005887
124,LIM353,Molemole,Limpopo,0.3328426185766205,0.9194055316091954,0.5095213587236233,0.9217978820259716,0.9674455940064217,0.7302025969883665
125,LIM354,Polokwane,Limpopo,0.5509347311778077,0.9163710362787216,0.7010526315789474,0.9226018836945246,0.9276995885091369,0.8037319742478277
126,LIM355,Lepele-Nkumpi,Limpopo,0.3323957679742097,0.9270707199456164,0.6724207145724609,0.9437316015370442,0.9553731563733041,0.7661983920805272
127,LIM361,Thabazimbi,Limpopo,0.7653956666925527,0.868668758404303,0.6918449197860963,0.9173671822461331,0.7380972587626241,0.7962747571783418
128,LIM362,Lephalale,Limpopo,0.6229604519774011,0.907632428327321,0.6788702928870293,0.9314011069035829,0.8736014231543467,0.8028931406499362
129,LIM365,Modimolle,Eastern Cape,0.665659452837893,0.9081818972263281,0.6937565399372166,0.9106988783433995,0.895606748308641,0.8147807033306956
130,LIM366,Bela-Bela,Eastern Cape,0.7104910115374296,0.859915378955114,0.6041033434650456,0.9166264129069654,0.8553636363636363,0.7892999566456382
131,BUF,Buffalo City,Eastern Cape,0.586195900447925,0.8010389290090868,0.7326277528330126,0.9088704088704089,0.7640234593467056,0.7585512901014279
132,EC101,Camdeboo,Eastern Cape,0.6854740433828905,0.8178429423459245,0.6603988603988604,0.9308334437524844,0.9626747720364741,0.8114448123833267
133,EC105,Ndlambe,Eastern Cape,0.5991310797923068,0.849371939535874,0.6837455830388692,0.9040745052386496,0.8416447021613074,0.7755935619534015
134,EC122,Mnquma,Eastern Cape,0.2762254849882073,0.5987401445128353,0.6496674057649667,0.8846382819218134,0.4804628302273193,0.5779468294830284
135,EC128,Nxuba,Eastern Cape,0.5180817610062893,0.8432816197738627,0.6043307086614174,0.9141343741287984,0.8974624546866908,0.7554581836514118
136,EC135,Intsika Yethu,Eastern Cape,0.22427211314344409,0.4770181092694905,0.6171352074966533,0.8998301520543514,0.29699305502556667,0.5030497273979012
137,EC144,Gariep,Eastern Cape,0.6059811122770199,0.8264058679706602,0.5643086816720257,0.8907254361799817,0.9661693268563497,0.7707180849912074
138,EC157,King Sabata Dalindyebo,Eastern Cape,0.3567136926074405,0.6422187308160526,0.6658881376767056,0.9099496565506546,0.5293566167001493,0.6208253668702005
139,NMA,Nelson Mandela Bay,Free State,0.6247601878006691,0.9073530939180066,0.7935548841893253,0.9139835925847006,0.8960184158085385,0.8271340348602481
140,FS164,Naledi,Free State,0.4468130462587934,0.8593453009503695,0.5674342105263158,0.8597265108072343,0.844607329842932,0.7155852796771289
141,FS191,Setsoto,Free State,0.47406133562625397,0.857339340763576,0.6391499795668165,0.8600029807740077,0.6972809952405636,0.7055669263942437
142,FS196,Mantsopa,Free State,0.5709006440713758,0.8398073500157052,0.6255707762557078,0.8486623922175547,0.82733139050791,0.7424545106136508
143,MAN,Mangaung,Gauteng,0.6353895501782391,0.8835712920556944,0.6830788905762929,0.857162930696584,0.8722577601398699,0.7862920847293361
144,EKU,Ekurhuleni,Gauteng,0.736230857403228,0.8583100802731924,0.793071933305098,0.9104901714812502,0.8187280458495101,0.8233662176624558
145,GT422,Midvaal,Gauteng,0.8185710462938186,0.9005062579102798,0.6952322235922729,0.9007133926601456,0.8212893963218705,0.8272624633556775
146,GT484,Merafong City,Gauteng,0.7194316529326223,0.8673138128580522,0.7800906258850184,0.88551386407253,0.7947296287067032,0.8094159168909854
147,JHB,City of Johannesburg,Gauteng,0.7462882107500537,0.8336633895233871,0.7837697060636615,0.915684564558697,0.8397704588058992,0.8238352659403397
148,TSH,City of Tshwane,KwaZulu-Natal,0.7335734004142784,0.9035375922427749,0.7555086656787579,0.910642517657862,0.8319599113530511,0.8270444174693449
149,ETH,eThekwini,KwaZulu-Natal,0.6700524364429676,0.8365389556412001,0.8139079473985135,0.9033632805390169,0.8091306738689119,0.806598658778122
150,KZN216,Hibiscus Coast,KwaZulu-Natal,0.6433799476611056,0.8269682542982474,0.722309457663969,0.9059272461383786,0.8204126931930286,0.7837995197909459
151,KZN227,Richmond,KwaZulu-Natal,0.5285140562248996,0.8379861223172503,0.630963096309631,0.8595361961026364,0.45900192554557123,0.6632002792999976
152,KZN241,Endumeni,KwaZulu-Natal,0.6248294679399727,0.8095390781563127,0.7603664416586307,0.8989010989010989,0.8491923876539261,0.7885656948619882
153,KZN253,Emadlangeni,KwaZulu-Natal,0.5731764705882353,0.7518927444794953,0.5382716049382716,0.8988482724086129,0.4749058971141782,0.6474189979057586
154,KZN271,Umhlabuyalingana,KwaZulu-Natal,0.2550292805777225,0.727483304253655,0.7473560517038778,0.9122948962749604,0.6032151442307693,0.649075735408197
155,KZN282,uMhlathuze,KwaZulu-Natal,0.6295274383567643,0.8166716417910448,0.7749685081878711,0.9095614902736564,0.8715923906601872,0.8004642938539048
156,KZN292,KwaDukuza,KwaZulu-Natal,0.6976012757757647,0.7892872550577871,0.6702879349938173,0.8939448226442135,0.8028931883024251,0.7708028953548016
157,KZN433,Greater Kokstad,KwaZulu-Natal,0.6384878702187825,0.6754025892011367,0.6921695402298851,0.921455938697318,0.847889089057727,0.7550810054809699
158,LIM334,Ba-Phalaborwa,Limpopo,0.5728237076948981,0.8909830007390983,0.7384515289525049,0.9441364758055864,0.9745099351040343,0.8241809296592244
159,LIM352,Aganang,Limpopo,0.2910461899890114,0.9316289262235208,0.6221616712079927,0.9175887951713998,0.9733595370673654,0.7471570239318581
160,LIM364,Mookgopong,Limpopo,0.6621890547263681,0.8934562211981567,0.4425087108013937,0.9370037056643727,0.8988947273056713,0.7668104839391925
161,LIM367,Mogalakwena,Limpopo,0.4090017997171873,0.9051153809629324,0.7021835826930853,0.908456698432832,0.9458789571110344,0.7741272837834143
162,LIM471,Ephraim Mogale,Limpopo,0.3321466138037058,0.8981488901354275,0.6675929142063216,0.9185557272883393,0.9393879173290938,0.7511664125525777
163,LIM472,Elias Motsoaledi,Limpopo,0.3394722965451243,0.9188153650669534,0.6536009445100354,0.9100371130600651,0.922038048230699,0.7487927534825755
164,LIM473,Makhuduthamaga,Limpopo,0.22499228857075462,0.9100110678710415,0.686491935483871,0.9339372983832023,0.9147577719285765,0.7340380724474892
165,LIM474,Fetakgomo,Limpopo,0.302897324733002,0.9338769536354607,0.7024128686327078,0.9398784961027051,0.9572872174184811,0.7672705721044714
166,LIM475,Greater Tubatse,Limpopo,0.40865063222723197,0.9137448699924736,0.6967122275581825,0.9392905034743386,0.8782086678276628,0.7673213802159778
167,MP301,Albert Luthuli,Mpumalanga,0.43722347851735327,0.924464377117508,0.6800289785076069,0.897972197423798,0.7706657621862584,0.7420709587505049
168,MP302,Msukaligwa,Mpumalanga,0.677432974456407,0.8990059069298372,0.6950701926216128,0.8803820610402209,0.7461524727727191,0.7796087215641595
169,MP304,Pixley Ka Seme,Mpumalanga,0.465074703103052,0.8601705702647657,0.7184897279289284,0.8949685108688291,0.721536523929471,0.7320480072190092
170,MP305,Lekwa,Mpumalanga,0.7239153644569543,0.9148715415019762,0.710876548875631,0.8850430696945967,0.7357982370225269,0.7941009523103371
171,MP306,Dipaleseng,Mpumalanga,0.6193573068094874,0.9213225371120108,0.7846153846153846,0.8811486672162682,0.676213407679635,0.7765314606865572
172,MP307,Govan Mbeki,Mpumalanga,0.7482921420651668,0.8995198124621899,0.7845466929014682,0.8861063192750778,0.7365919019125583,0.8110113737232922
173,MP312,Emalahleni,Mpumalanga,0.7723674163775435,0.9203357465690383,0.7703516723079571,0.9058624245102371,0.8287516104970503,0.8395337740523653
174,MP313,Steve Tshwete,Mpumalanga,0.8023736693992414,0.9082164642093739,0.7344161545215101,0.909270805096232,0.8562904530744336,0.8421135092601584
175,MP314,Emakhazeni,Mpumalanga,0.6799475128235715,0.8994747770856235,0.598580010922993,0.8815214597789771,0.8209170778673728,0.7760881676957075
176,MP315,Thembisile,Mpumalanga,0.5964585712274555,0.928545792175772,0.584121892542101,0.9052411728912789,0.8918487277689051,0.7812432313211026
177,MP316,Dr JS Moroka,Mpumalanga,0.4361433025472087,0.938325138410314,0.5865580448065173,0.9134141604138128,0.9199104540980759,0.7588702200551858
178,MP321,Thaba Chweu,Mpumalanga,0.7177902962020716,0.9144670688788336,0.680489321998756,0.9126599907155647,0.7820001227822457,0.8014813601154945
179,MP323,Umjindi,Mpumalanga,0.7329411764705882,0.8997039874629984,0.625388198757764,0.9230423446911804,0.8423997245653296,0.8046950863895722
180,MP324,Nkomazi,Mpumalanga,0.4910800917350269,0.8866651923927465,0.6116814770080234,0.9343295227511852,0.9434173300875057,0.7734347227948977
181,MP325,Bushbuckridge,Mpumalanga,0.36148604590506,0.9236951958303735,0.6642300194931774,0.9494819535803143,0.9702877181796445,0.773836186597714
182,NW371,Moretele,North West,0.4940730889325778,0.9045801526717557,0.6532156368221942,0.9093439845073832,0.8593563087439476,0.7641138343355718
183,NW372,Madibeng,North West,0.7009128145114102,0.8653795608229194,0.6731685074475631,0.9083230821909122,0.6365580783152353,0.7568684086576081
184,NW374,Kgetlengrivier,North West,0.6757964703185881,0.8737248071659617,0.5073627844712182,0.8923490965013456,0.7145447950671019,0.7327555907048432
185,NW375,Moses Kotane,North West,0.5197551739741361,0.8824255369645189,0.7428407789232532,0.9055584148224395,0.8032833353017598,0.7707726479972216
186,NW381,Ratlou,North West,0.2526195068550279,0.8171323491852684,0.535851966075559,0.8580694810905893,0.9089843550935127,0.6745315316599916
187,NW382,Tswaing,North West,0.47150959860383945,0.7778019871012725,0.5761239138647526,0.8846959213401311,0.7703790238836968,0.6961020889587386
188,NW383,Mafikeng,North West,0.5260933096753992,0.8543663281361751,0.6366139022711631,0.8715546273823634,0.8929269245799141,0.756311018409003
189,NW385,Ramotshere Moiloa,North West,0.3849951409135083,0.8192728831391497,0.650611620795107,0.9049714956405097,0.8274286599295311,0.7174559600835612
190,NW392,Naledi,North West,0.6684912760862128,0.8028690003608806,0.5433651344319167,0.8717363520175279,0.8223412663563713,0.7417606058505819
191,NW393,Mamusa,North West,0.5174106736976088,0.8255181943804698,0.5762237762237762,0.895483747243264,0.8297561421134351,0.7288785067317108
192,NW394,Greater Taung,North West,0.2803354965103465,0.8589388001205909,0.6608938547486034,0.8534515636918383,0.9097778177565891,0.7126795065655936
193,NW397,Kagisano/Molopo,North West,0.3230373933960201,0.7998797091147685,0.42917448405253283,0.8267137563686893,0.9178555987894509,0.6593321883442923
194,NW401,Ventersdorp,North West,0.5724081465561355,0.8122617207624936,0.5068807339449541,0.865689339226043,0.6849984723495264,0.6884476825678305
195,NW402,Tlokwe City Council,North West,0.6485253131603933,0.9334025704271063,0.6491387126019945,0.9074829931972789,0.8570665829145728,0.7991232344602692
196,NW403,City of Matlosana,North West,0.6676947681060087,0.8811109640803964,0.7483296213808464,0.8755042512257184,0.8318664512033243,0.8009012111992588
197,NW404,Maquassi Hills,North West,0.5267595569846374,0.9026627218934912,0.5786463298379408,0.8706989662089184,0.8372110038045069,0.7431957157458989
198,NC061,Richtersveld,Northern Cape,0.8766803039158387,0.9160214413341274,0.8438003220611916,0.9111944965603502,0.9210371243370654,0.8937467376417146
199,NC064,Kamiesberg,Northern Cape,0.6018518518518519,0.8789308176100629,0.8113207547169812,0.8597816960537363,0.9721577726218097,0.8248085785708885
200,NC065,Hantam,Northern Cape,0.7809176542084473,0.7756980668916845,0.6325431034482759,0.9375,0.9707940371159112,0.8194905723328638
201,NC066,Karoo Hoogland,Northern Cape,0.7521957340025094,0.7913156189241737,0.7063829787234043,0.8743351063829787,0.9773013871374527,0.8203061650341038
202,NC067,Kh√¢i-Ma,Northern Cape,0.7896696137738483,0.7869318181818182,0.8138832997987927,0.8964671246319922,0.8865643886564388,0.8347032490085781
203,NC072,Umsobomvu,Northern Cape,0.5643083421330517,0.8324129141886151,0.6753864447086801,0.8859709744298548,0.9207317073170732,0.7757620765554551
204,NC073,Emthanjeni,Northern Cape,0.6753005151688609,0.8292014989910637,0.6205533596837944,0.9197934072611271,0.9753616960320871,0.8040420954273868
205,NC074,Kareeberg,Northern Cape,0.6684027777777778,0.7774445110977805,0.6535626535626535,0.888125,0.9288653733098178,0.783280063149606
206,NC075,Renosterberg,Northern Cape,0.6098998232174425,0.8495412844036697,0.5827814569536424,0.9176245210727969,0.956177723676202,0.7832049618647507
207,NC076,Thembelihle,Northern Cape,0.7071161048689139,0.7630988023952096,0.6865203761755486,0.9331751680506128,0.8287952256620664,0.7837411354304703
208,NC078,Siyancuma,Northern Cape,0.6193590582079791,0.8034805450664916,0.5703259005145798,0.9123946629213483,0.7452353803551067,0.7301591094131011
209,NC081,Mier,Northern Cape,0.5415549597855228,0.7919642857142857,0.7315175097276264,0.910871694417238,0.9401785714285714,0.7832174042146489
210,NC082,Kai !Garib,Northern Cape,0.8258281944643625,0.7762184714583729,0.7135202492211838,0.9223278096285243,0.8874196852593351,0.8250628820063558
211,NC083,//Khara Hais,Northern Cape,0.7208207604103802,0.8328005901155643,0.7004914715235617,0.9145660083160083,0.7937287724405628,0.7924815205612155
212,NC084,!Kheis,Northern Cape,0.6739837398373983,0.6839738348323794,0.7746478873239436,0.9271290605794557,0.6844444444444444,0.7488357934035244
213,NC086,Kgatelopele,Northern Cape,0.7000911577028259,0.8729621654875422,0.8,0.8863192182410423,0.8979715410233121,0.8314688164909447
214,NC091,Sol Plaatjie,Northern Cape,0.660150583684465,0.8827538709983851,0.7473947478115882,0.8871605982927254,0.8666292555181444,0.8088178112610616
215,NC092,Dikgatlong,Northern Cape,0.49604840701407754,0.84072375127421,0.6639175257731958,0.8707510412468091,0.8382556239788865,0.7419392698574359
216,NC093,Magareng,Northern Cape,0.4389682174113312,0.8770548738133828,0.7928571428571428,0.8863412228796844,0.90625,0.7802942913923082
217,NC451,Joe Morolong,Northern Cape,0.2473940236275191,0.8364842869663203,0.6224489795918368,0.8266372036962636,0.7753164556962026,0.6616561899156286
218,NC452,Ga-Segonyana,Northern Cape,0.5508196721311476,0.8375887336844515,0.7417635658914729,0.8903100066995554,0.8443555655700766,0.7729675087953409
219,NC453,Gamagara,Northern Cape,0.8136140350877193,0.8335103961147367,0.8130381303813038,0.9031709203402939,0.8044923895374612,0.833565174292303
220,CPT,City of Cape Town,Western Cape,0.7853282718541277,0.8646822303235762,0.8101992774452789,0.9241620432465895,0.8157525315231565,0.8400248708785458
221,WC011,Matzikama,Western Cape,0.8405462930117062,0.7257876312718786,0.8426187419768935,0.9180573598481063,0.8981192619663072,0.8450258576149786
222,WC013,Bergrivier,Western Cape,0.9175279476903607,0.7846103613408794,0.8754491017964072,0.9408787669657235,0.9461868958109559,0.8929306147208653
223,WC014,Saldanha Bay,Western Cape,0.824603640634175,0.8275525754343188,0.8260952745360628,0.9342054881940013,0.8546818727490997,0.8534277703095315
224,WC015,Swartland,Western Cape,0.8803071615380335,0.7758464500056619,0.8611973392461197,0.9399261728983092,0.9262488748874887,0.8767051997151226
225,WC022,Witzenberg,Western Cape,0.9027569392348087,0.8156989361139046,0.8457634141288585,0.9490733765255387,0.901047668936616,0.8828680669879454
226,WC023,Drakenstein,Western Cape,0.8278699461815594,0.8260271046448152,0.8089511341147816,0.9411169713171014,0.878646413972501,0.8565223140461518
227,WC025,Breede Valley,Western Cape,0.8302082254221486,0.8213620877384005,0.7533641715727503,0.9314106395696353,0.8230254910154617,0.8318741230636792
228,WC026,Langeberg,Western Cape,0.8465504978662873,0.7449648143654453,0.5966693100713719,0.9375485877170251,0.9218241042345277,0.8095114628509315
229,WC031,Theewaterskloof,Western Cape,0.8623289884735538,0.8281337672539558,0.7729211087420043,0.948690728945506,0.8278300573528593,0.8479809301535758
230,WC032,Overstrand,Western Cape,0.7885474126608878,0.810034096444228,0.7049317358595709,0.9297681022243256,0.791288056206089,0.8049138806790203
231,WC034,Swellendam,Western Cape,0.8482051282051282,0.8124025636584098,0.7918307086614174,0.9475153545505304,0.9003436426116839,0.860059479537434
232,WC041,Kannaland,Western Cape,0.7390334572490707,0.7340982788725368,0.5870910698496905,0.9218028780885148,0.9721600795426298,0.7908371527204886
233,WC042,Hessequa,Western Cape,0.8563514048278591,0.8533724340175953,0.6367313915857605,0.9417725132010846,0.9388346954916952,0.8454124878247988
234,WC043,Mossel Bay,Western Cape,0.722157263957907,0.820832631046688,0.7330520393811533,0.9280522662311147,0.865393326287181,0.813897505380809
