{"name": "flare", "children": [{"name": 1, "children": [{"name": "BUF", "children": [{"name": "Financial Measure 0.9994297251", "size": 0.9994297251}, {"name": "Wellness Measure 0.574703629", "size": 0.5747036289999999}]}, {"name": "CPT", "children": [{"name": "Financial Measure 0.9999999589", "size": 0.9999999589}, {"name": "Wellness Measure 0.708695779", "size": 0.708695779}]}, {"name": "DC1", "children": [{"name": "Financial Measure 1.0", "size": 1.0}, {"name": "Wellness Measure 0.712713918", "size": 0.712713918}]}, {"name": "DC10", "children": [{"name": "Financial Measure 0.9996124645", "size": 0.9996124645000001}, {"name": "Wellness Measure 0.661455687", "size": 0.661455687}]}, {"name": "DC16", "children": [{"name": "Financial Measure 0.9992101879", "size": 0.9992101879}, {"name": "Wellness Measure 0.682325053", "size": 0.682325053}]}, {"name": "DC18", "children": [{"name": "Financial Measure 0.9997824153", "size": 0.9997824153}, {"name": "Wellness Measure 0.684813125", "size": 0.684813125}]}, {"name": "DC19", "children": [{"name": "Financial Measure 0.9999754208", "size": 0.9999754208}, {"name": "Wellness Measure 0.571394359", "size": 0.571394359}]}, {"name": "DC2", "children": [{"name": "Financial Measure 0.9999977396", "size": 0.9999977395999999}, {"name": "Wellness Measure 0.713670908", "size": 0.713670908}]}, {"name": "DC20", "children": [{"name": "Financial Measure 0.9998842984", "size": 0.9998842984}, {"name": "Wellness Measure 0.676326331", "size": 0.676326331}]}, {"name": "DC22", "children": [{"name": "Financial Measure 0.9999986575", "size": 0.9999986575}, {"name": "Wellness Measure 0.520866911", "size": 0.520866911}]}, {"name": "DC25", "children": [{"name": "Financial Measure 0.9911399235", "size": 0.9911399234999999}, {"name": "Wellness Measure 0.554208906", "size": 0.5542089060000001}]}, {"name": "DC3", "children": [{"name": "Financial Measure 0.9998995438", "size": 0.9998995437999999}, {"name": "Wellness Measure 0.680925555", "size": 0.680925555}]}, {"name": "DC30", "children": [{"name": "Financial Measure 0.9999948396", "size": 0.9999948395999999}, {"name": "Wellness Measure 0.538534472", "size": 0.538534472}]}, {"name": "DC31", "children": [{"name": "Financial Measure 0.9999416753", "size": 0.9999416753}, {"name": "Wellness Measure 0.538256843", "size": 0.538256843}]}, {"name": "DC4", "children": [{"name": "Financial Measure 0.9992052585", "size": 0.9992052585}, {"name": "Wellness Measure 0.706404335", "size": 0.706404335}]}, {"name": "DC40", "children": [{"name": "Financial Measure 0.999898313", "size": 0.999898313}, {"name": "Wellness Measure 0.689395456", "size": 0.689395456}]}, {"name": "DC42", "children": [{"name": "Financial Measure 0.9999947307", "size": 0.9999947306999999}, {"name": "Wellness Measure 0.713566072", "size": 0.713566072}]}, {"name": "DC48", "children": [{"name": "Financial Measure 1.0", "size": 1.0}, {"name": "Wellness Measure 0.63475284", "size": 0.63475284}]}, {"name": "DC5", "children": [{"name": "Financial Measure 0.9996205539", "size": 0.9996205539}, {"name": "Wellness Measure 0.718852518", "size": 0.7188525179999999}]}, {"name": "DC6", "children": [{"name": "Financial Measure 1.0", "size": 1.0}, {"name": "Wellness Measure 0.68193479", "size": 0.68193479}]}, {"name": "DC7", "children": [{"name": "Financial Measure 0.9978316001", "size": 0.9978316001}, {"name": "Wellness Measure 0.660349775", "size": 0.660349775}]}, {"name": "DC8", "children": [{"name": "Financial Measure 0.99953769", "size": 0.99953769}, {"name": "Wellness Measure 0.633034743", "size": 0.633034743}]}, {"name": "DC9", "children": [{"name": "Financial Measure 0.9999399348", "size": 0.9999399348000001}, {"name": "Wellness Measure 0.665701277", "size": 0.665701277}]}, {"name": "EC101", "children": [{"name": "Financial Measure 0.9995434419", "size": 0.9995434419}, {"name": "Wellness Measure 0.725868116", "size": 0.7258681159999999}]}, {"name": "EC102", "children": [{"name": "Financial Measure 0.9990002467", "size": 0.9990002467}, {"name": "Wellness Measure 0.666878204", "size": 0.666878204}]}, {"name": "EC103", "children": [{"name": "Financial Measure 0.9930934049", "size": 0.9930934049}, {"name": "Wellness Measure 0.648199708", "size": 0.6481997079999999}]}, {"name": "EC104", "children": [{"name": "Financial Measure 0.9984068047", "size": 0.9984068047}, {"name": "Wellness Measure 0.662546256", "size": 0.6625462560000001}]}, {"name": "EC105", "children": [{"name": "Financial Measure 0.996717967", "size": 0.996717967}, {"name": "Wellness Measure 0.559584124", "size": 0.559584124}]}, {"name": "EC106", "children": [{"name": "Financial Measure 0.995465898", "size": 0.995465898}, {"name": "Wellness Measure 0.561393827", "size": 0.5613938270000001}]}, {"name": "EC107", "children": [{"name": "Financial Measure 0.9994133531", "size": 0.9994133531}, {"name": "Wellness Measure 0.613080476", "size": 0.613080476}]}, {"name": "EC108", "children": [{"name": "Financial Measure 0.9997950165", "size": 0.9997950165}, {"name": "Wellness Measure 0.618250601", "size": 0.6182506010000001}]}, {"name": "EC109", "children": [{"name": "Financial Measure 0.9985269947", "size": 0.9985269947}, {"name": "Wellness Measure 0.649586383", "size": 0.6495863829999999}]}, {"name": "EC128", "children": [{"name": "Financial Measure 0.9984616971", "size": 0.9984616971}, {"name": "Wellness Measure 0.640634868", "size": 0.640634868}]}, {"name": "EC131", "children": [{"name": "Financial Measure 0.9996948536", "size": 0.9996948536}, {"name": "Wellness Measure 0.697655679", "size": 0.697655679}]}, {"name": "EC133", "children": [{"name": "Financial Measure 0.9994739493", "size": 0.9994739493000001}, {"name": "Wellness Measure 0.677260337", "size": 0.677260337}]}, {"name": "EC134", "children": [{"name": "Financial Measure 0.9991153778", "size": 0.9991153778}, {"name": "Wellness Measure 0.5887349", "size": 0.5887349000000001}]}, {"name": "EC143", "children": [{"name": "Financial Measure 0.9993298125", "size": 0.9993298125}, {"name": "Wellness Measure 0.619844662", "size": 0.619844662}]}, {"name": "EC144", "children": [{"name": "Financial Measure 0.9993292516", "size": 0.9993292516}, {"name": "Wellness Measure 0.647072577", "size": 0.647072577}]}, {"name": "EKU", "children": [{"name": "Financial Measure 0.9999535732", "size": 0.9999535731999999}, {"name": "Wellness Measure 0.680643316", "size": 0.6806433159999999}]}, {"name": "ETH", "children": [{"name": "Financial Measure 0.9999398992", "size": 0.9999398992}, {"name": "Wellness Measure 0.626096942", "size": 0.626096942}]}, {"name": "FS161", "children": [{"name": "Financial Measure 0.9985949346", "size": 0.9985949345999999}, {"name": "Wellness Measure 0.650471416", "size": 0.650471416}]}, {"name": "FS162", "children": [{"name": "Financial Measure 0.9985482989", "size": 0.9985482989}, {"name": "Wellness Measure 0.673422829", "size": 0.6734228290000001}]}, {"name": "FS163", "children": [{"name": "Financial Measure 0.9991751508", "size": 0.9991751508}, {"name": "Wellness Measure 0.632096414", "size": 0.6320964139999999}]}, {"name": "FS164", "children": [{"name": "Financial Measure 0.9981378388", "size": 0.9981378388}, {"name": "Wellness Measure 0.675822814", "size": 0.6758228140000001}]}, {"name": "FS181", "children": [{"name": "Financial Measure 0.9994116877", "size": 0.9994116877}, {"name": "Wellness Measure 0.649809488", "size": 0.6498094879999999}]}, {"name": "FS182", "children": [{"name": "Financial Measure 0.998822632", "size": 0.998822632}, {"name": "Wellness Measure 0.505759785", "size": 0.505759785}]}, {"name": "FS183", "children": [{"name": "Financial Measure 0.9999013716", "size": 0.9999013715999999}, {"name": "Wellness Measure 0.672778524", "size": 0.672778524}]}, {"name": "FS184", "children": [{"name": "Financial Measure 0.9985671222", "size": 0.9985671222}, {"name": "Wellness Measure 0.68203028", "size": 0.68203028}]}, {"name": "FS185", "children": [{"name": "Financial Measure 0.9979200344", "size": 0.9979200344}, {"name": "Wellness Measure 0.637097948", "size": 0.637097948}]}, {"name": "FS191", "children": [{"name": "Financial Measure 0.9984171959", "size": 0.9984171959}, {"name": "Wellness Measure 0.595088218", "size": 0.595088218}]}, {"name": "FS192", "children": [{"name": "Financial Measure 0.9991278851", "size": 0.9991278851000001}, {"name": "Wellness Measure 0.612852174", "size": 0.612852174}]}, {"name": "FS193", "children": [{"name": "Financial Measure 0.9996019533", "size": 0.9996019533}, {"name": "Wellness Measure 0.584591869", "size": 0.5845918689999999}]}, {"name": "FS194", "children": [{"name": "Financial Measure 0.9983217535", "size": 0.9983217535}, {"name": "Wellness Measure 0.512304692", "size": 0.5123046920000001}]}, {"name": "FS195", "children": [{"name": "Financial Measure 0.9977010012", "size": 0.9977010012}, {"name": "Wellness Measure 0.548109908", "size": 0.5481099079999999}]}, {"name": "FS196", "children": [{"name": "Financial Measure 0.9993617336", "size": 0.9993617336}, {"name": "Wellness Measure 0.638870691", "size": 0.638870691}]}, {"name": "FS201", "children": [{"name": "Financial Measure 0.9977130432", "size": 0.9977130432}, {"name": "Wellness Measure 0.693923669", "size": 0.693923669}]}, {"name": "FS203", "children": [{"name": "Financial Measure 0.9989063041", "size": 0.9989063040999999}, {"name": "Wellness Measure 0.648358414", "size": 0.6483584139999999}]}, {"name": "FS204", "children": [{"name": "Financial Measure 0.9990580425", "size": 0.9990580425}, {"name": "Wellness Measure 0.662229781", "size": 0.662229781}]}, {"name": "FS205", "children": [{"name": "Financial Measure 0.9969265411", "size": 0.9969265411}, {"name": "Wellness Measure 0.634771649", "size": 0.6347716489999999}]}, {"name": "GT421", "children": [{"name": "Financial Measure 0.9999999068", "size": 0.9999999068000001}, {"name": "Wellness Measure 0.720121079", "size": 0.7201210790000001}]}, {"name": "GT422", "children": [{"name": "Financial Measure 1.0", "size": 1.0}, {"name": "Wellness Measure 0.631948647", "size": 0.631948647}]}, {"name": "GT423", "children": [{"name": "Financial Measure 0.9999603884", "size": 0.9999603884}, {"name": "Wellness Measure 0.677683671", "size": 0.6776836709999999}]}, {"name": "GT481", "children": [{"name": "Financial Measure 0.9999915655", "size": 0.9999915655}, {"name": "Wellness Measure 0.674589613", "size": 0.674589613}]}, {"name": "GT482", "children": [{"name": "Financial Measure 0.9993800889", "size": 0.9993800889}, {"name": "Wellness Measure 0.654573095", "size": 0.654573095}]}, {"name": "GT483", "children": [{"name": "Financial Measure 0.9985609597", "size": 0.9985609597}, {"name": "Wellness Measure 0.506422704", "size": 0.506422704}]}, {"name": "GT484", "children": [{"name": "Financial Measure 0.9987494838", "size": 0.9987494838}, {"name": "Wellness Measure 0.633095269", "size": 0.633095269}]}, {"name": "JHB", "children": [{"name": "Financial Measure 0.9999638929", "size": 0.9999638929000001}, {"name": "Wellness Measure 0.705571209", "size": 0.705571209}]}, {"name": "KZN222", "children": [{"name": "Financial Measure 0.9988267434", "size": 0.9988267434}, {"name": "Wellness Measure 0.605455865", "size": 0.605455865}]}, {"name": "KZN225", "children": [{"name": "Financial Measure 0.9996581266", "size": 0.9996581266}, {"name": "Wellness Measure 0.601191534", "size": 0.601191534}]}, {"name": "KZN241", "children": [{"name": "Financial Measure 0.9998271946", "size": 0.9998271945999999}, {"name": "Wellness Measure 0.55602243", "size": 0.55602243}]}, {"name": "KZN252", "children": [{"name": "Financial Measure 0.9998231668", "size": 0.9998231668}, {"name": "Wellness Measure 0.590119459", "size": 0.590119459}]}, {"name": "KZN282", "children": [{"name": "Financial Measure 1.0", "size": 1.0}, {"name": "Wellness Measure 0.605877913", "size": 0.6058779129999999}]}, {"name": "KZN433", "children": [{"name": "Financial Measure 0.9999547506", "size": 0.9999547506}, {"name": "Wellness Measure 0.538938755", "size": 0.538938755}]}, {"name": "LIM341", "children": [{"name": "Financial Measure 0.999996134", "size": 0.9999961340000001}, {"name": "Wellness Measure 0.548149806", "size": 0.548149806}]}, {"name": "LIM361", "children": [{"name": "Financial Measure 0.9982770619", "size": 0.9982770619}, {"name": "Wellness Measure 0.554204282", "size": 0.554204282}]}, {"name": "LIM364", "children": [{"name": "Financial Measure 0.9994640614", "size": 0.9994640614}, {"name": "Wellness Measure 0.611795979", "size": 0.6117959789999999}]}, {"name": "LIM365", "children": [{"name": "Financial Measure 0.9992542258", "size": 0.9992542258}, {"name": "Wellness Measure 0.57010887", "size": 0.57010887}]}, {"name": "LIM366", "children": [{"name": "Financial Measure 0.9998952579", "size": 0.9998952579000001}, {"name": "Wellness Measure 0.606324297", "size": 0.606324297}]}, {"name": "MAN", "children": [{"name": "Financial Measure 0.9994045735", "size": 0.9994045734999999}, {"name": "Wellness Measure 0.633151152", "size": 0.633151152}]}, {"name": "MP302", "children": [{"name": "Financial Measure 0.9987866269", "size": 0.9987866269}, {"name": "Wellness Measure 0.513021248", "size": 0.5130212479999999}]}, {"name": "MP305", "children": [{"name": "Financial Measure 0.99947108", "size": 0.99947108}, {"name": "Wellness Measure 0.671750998", "size": 0.6717509979999999}]}, {"name": "MP306", "children": [{"name": "Financial Measure 0.9995396708", "size": 0.9995396708}, {"name": "Wellness Measure 0.586584503", "size": 0.586584503}]}, {"name": "MP307", "children": [{"name": "Financial Measure 0.9997613519", "size": 0.9997613518999999}, {"name": "Wellness Measure 0.711624011", "size": 0.711624011}]}, {"name": "MP311", "children": [{"name": "Financial Measure 0.9976937136", "size": 0.9976937136}, {"name": "Wellness Measure 0.608824847", "size": 0.6088248470000001}]}, {"name": "MP312", "children": [{"name": "Financial Measure 0.9997323793", "size": 0.9997323793}, {"name": "Wellness Measure 0.613228586", "size": 0.613228586}]}, {"name": "MP313", "children": [{"name": "Financial Measure 0.9998772273", "size": 0.9998772273000001}, {"name": "Wellness Measure 0.638193217", "size": 0.638193217}]}, {"name": "MP314", "children": [{"name": "Financial Measure 0.9994347771", "size": 0.9994347771}, {"name": "Wellness Measure 0.516384779", "size": 0.516384779}]}, {"name": "MP321", "children": [{"name": "Financial Measure 0.9990138095", "size": 0.9990138095000001}, {"name": "Wellness Measure 0.568146441", "size": 0.568146441}]}, {"name": "MP323", "children": [{"name": "Financial Measure 0.9994903213", "size": 0.9994903212999999}, {"name": "Wellness Measure 0.533661051", "size": 0.533661051}]}, {"name": "NC061", "children": [{"name": "Financial Measure 0.9991698945", "size": 0.9991698945}, {"name": "Wellness Measure 0.698892666", "size": 0.698892666}]}, {"name": "NC062", "children": [{"name": "Financial Measure 0.9973215929", "size": 0.9973215929000001}, {"name": "Wellness Measure 0.685299264", "size": 0.6852992640000001}]}, {"name": "NC064", "children": [{"name": "Financial Measure 0.9982357946", "size": 0.9982357945999999}, {"name": "Wellness Measure 0.577967945", "size": 0.577967945}]}, {"name": "NC065", "children": [{"name": "Financial Measure 0.9997944656", "size": 0.9997944656000001}, {"name": "Wellness Measure 0.669744252", "size": 0.669744252}]}, {"name": "NC066", "children": [{"name": "Financial Measure 0.9985012896", "size": 0.9985012896}, {"name": "Wellness Measure 0.535635105", "size": 0.535635105}]}, {"name": "NC067", "children": [{"name": "Financial Measure 0.9985988258", "size": 0.9985988258}, {"name": "Wellness Measure 0.667551603", "size": 0.6675516029999999}]}, {"name": "NC071", "children": [{"name": "Financial Measure 0.9977559668", "size": 0.9977559668000001}, {"name": "Wellness Measure 0.651421812", "size": 0.651421812}]}, {"name": "NC072", "children": [{"name": "Financial Measure 0.9998250246", "size": 0.9998250245999999}, {"name": "Wellness Measure 0.658815738", "size": 0.6588157379999999}]}, {"name": "NC073", "children": [{"name": "Financial Measure 0.9982074937", "size": 0.9982074937000001}, {"name": "Wellness Measure 0.688452563", "size": 0.688452563}]}, {"name": "NC074", "children": [{"name": "Financial Measure 0.9996160999", "size": 0.9996160999}, {"name": "Wellness Measure 0.647292409", "size": 0.647292409}]}, {"name": "NC075", "children": [{"name": "Financial Measure 0.9982411401", "size": 0.9982411401000001}, {"name": "Wellness Measure 0.670223254", "size": 0.6702232539999999}]}, {"name": "NC076", "children": [{"name": "Financial Measure 0.9977559329", "size": 0.9977559329000001}, {"name": "Wellness Measure 0.55606452", "size": 0.55606452}]}, {"name": "NC077", "children": [{"name": "Financial Measure 0.9982222065", "size": 0.9982222065}, {"name": "Wellness Measure 0.657320763", "size": 0.657320763}]}, {"name": "NC078", "children": [{"name": "Financial Measure 0.9991892194", "size": 0.9991892193999999}, {"name": "Wellness Measure 0.59752436", "size": 0.59752436}]}, {"name": "NC081", "children": [{"name": "Financial Measure 0.997738114", "size": 0.997738114}, {"name": "Wellness Measure 0.558244948", "size": 0.558244948}]}, {"name": "NC082", "children": [{"name": "Financial Measure 0.998570166", "size": 0.9985701659999999}, {"name": "Wellness Measure 0.614776383", "size": 0.6147763829999999}]}, {"name": "NC083", "children": [{"name": "Financial Measure 0.9996482463", "size": 0.9996482462999999}, {"name": "Wellness Measure 0.654904934", "size": 0.6549049339999999}]}, {"name": "NC084", "children": [{"name": "Financial Measure 0.9984183015", "size": 0.9984183015000001}, {"name": "Wellness Measure 0.528493431", "size": 0.528493431}]}, {"name": "NC085", "children": [{"name": "Financial Measure 0.9991896623", "size": 0.9991896623000001}, {"name": "Wellness Measure 0.63470947", "size": 0.63470947}]}, {"name": "NC086", "children": [{"name": "Financial Measure 0.9988037247", "size": 0.9988037247}, {"name": "Wellness Measure 0.712919717", "size": 0.712919717}]}, {"name": "NC091", "children": [{"name": "Financial Measure 0.9999658623", "size": 0.9999658623000001}, {"name": "Wellness Measure 0.67941982", "size": 0.67941982}]}, {"name": "NC092", "children": [{"name": "Financial Measure 0.9992181108", "size": 0.9992181108}, {"name": "Wellness Measure 0.611380922", "size": 0.611380922}]}, {"name": "NC093", "children": [{"name": "Financial Measure 0.9988338289", "size": 0.9988338289}, {"name": "Wellness Measure 0.672415791", "size": 0.6724157909999999}]}, {"name": "NC094", "children": [{"name": "Financial Measure 0.9990439731", "size": 0.9990439731}, {"name": "Wellness Measure 0.617156404", "size": 0.6171564039999999}]}, {"name": "NC453", "children": [{"name": "Financial Measure 0.9990109841", "size": 0.9990109841}, {"name": "Wellness Measure 0.694703773", "size": 0.694703773}]}, {"name": "NMA", "children": [{"name": "Financial Measure 0.9989368003", "size": 0.9989368003}, {"name": "Wellness Measure 0.704481382", "size": 0.704481382}]}, {"name": "NW373", "children": [{"name": "Financial Measure 0.9996970433", "size": 0.9996970433}, {"name": "Wellness Measure 0.589268442", "size": 0.5892684420000001}]}, {"name": "NW374", "children": [{"name": "Financial Measure 0.9989495857", "size": 0.9989495856999999}, {"name": "Wellness Measure 0.572742572", "size": 0.572742572}]}, {"name": "NW392", "children": [{"name": "Financial Measure 0.9989339179", "size": 0.9989339179000001}, {"name": "Wellness Measure 0.559354075", "size": 0.559354075}]}, {"name": "NW393", "children": [{"name": "Financial Measure 0.9979690459", "size": 0.9979690459}, {"name": "Wellness Measure 0.569519761", "size": 0.569519761}]}, {"name": "NW396", "children": [{"name": "Financial Measure 0.9991596803", "size": 0.9991596803}, {"name": "Wellness Measure 0.70853386", "size": 0.70853386}]}, {"name": "NW402", "children": [{"name": "Financial Measure 0.9998788101", "size": 0.9998788101}, {"name": "Wellness Measure 0.689715567", "size": 0.689715567}]}, {"name": "NW403", "children": [{"name": "Financial Measure 0.9973227885", "size": 0.9973227884999999}, {"name": "Wellness Measure 0.70493483", "size": 0.70493483}]}, {"name": "NW404", "children": [{"name": "Financial Measure 0.9993313268", "size": 0.9993313268}, {"name": "Wellness Measure 0.61481132", "size": 0.61481132}]}, {"name": "TSH", "children": [{"name": "Financial Measure 0.9997401568", "size": 0.9997401568000001}, {"name": "Wellness Measure 0.678458085", "size": 0.678458085}]}, {"name": "WC011", "children": [{"name": "Financial Measure 1.0", "size": 1.0}, {"name": "Wellness Measure 0.66451707", "size": 0.66451707}]}, {"name": "WC012", "children": [{"name": "Financial Measure 0.9997750023", "size": 0.9997750023}, {"name": "Wellness Measure 0.66809104", "size": 0.66809104}]}, {"name": "WC013", "children": [{"name": "Financial Measure 0.9998881814", "size": 0.9998881814}, {"name": "Wellness Measure 0.698942586", "size": 0.6989425859999999}]}, {"name": "WC014", "children": [{"name": "Financial Measure 0.9997737049", "size": 0.9997737049}, {"name": "Wellness Measure 0.706038112", "size": 0.706038112}]}, {"name": "WC015", "children": [{"name": "Financial Measure 0.9997886737", "size": 0.9997886737}, {"name": "Wellness Measure 0.70615472", "size": 0.70615472}]}, {"name": "WC022", "children": [{"name": "Financial Measure 1.0", "size": 1.0}, {"name": "Wellness Measure 0.692917136", "size": 0.6929171359999999}]}, {"name": "WC023", "children": [{"name": "Financial Measure 0.9999069291", "size": 0.9999069291}, {"name": "Wellness Measure 0.711611217", "size": 0.7116112170000001}]}, {"name": "WC024", "children": [{"name": "Financial Measure 0.9999077687", "size": 0.9999077687000001}, {"name": "Wellness Measure 0.71095056", "size": 0.71095056}]}, {"name": "WC025", "children": [{"name": "Financial Measure 0.9997531373", "size": 0.9997531373}, {"name": "Wellness Measure 0.695228025", "size": 0.695228025}]}, {"name": "WC026", "children": [{"name": "Financial Measure 0.9998908913", "size": 0.9998908913}, {"name": "Wellness Measure 0.702217557", "size": 0.702217557}]}, {"name": "WC031", "children": [{"name": "Financial Measure 0.999771217", "size": 0.999771217}, {"name": "Wellness Measure 0.655016752", "size": 0.655016752}]}, {"name": "WC032", "children": [{"name": "Financial Measure 0.9998755122", "size": 0.9998755122}, {"name": "Wellness Measure 0.626021046", "size": 0.626021046}]}, {"name": "WC033", "children": [{"name": "Financial Measure 0.9996286475", "size": 0.9996286475}, {"name": "Wellness Measure 0.703267611", "size": 0.7032676109999999}]}, {"name": "WC034", "children": [{"name": "Financial Measure 0.9996726731", "size": 0.9996726731000001}, {"name": "Wellness Measure 0.674111907", "size": 0.674111907}]}, {"name": "WC041", "children": [{"name": "Financial Measure 0.9986132348", "size": 0.9986132348000001}, {"name": "Wellness Measure 0.631654533", "size": 0.631654533}]}, {"name": "WC042", "children": [{"name": "Financial Measure 0.9994156943", "size": 0.9994156943000001}, {"name": "Wellness Measure 0.695660203", "size": 0.695660203}]}, {"name": "WC043", "children": [{"name": "Financial Measure 1.0", "size": 1.0}, {"name": "Wellness Measure 0.69930204", "size": 0.69930204}]}, {"name": "WC044", "children": [{"name": "Financial Measure 0.9997958387", "size": 0.9997958387}, {"name": "Wellness Measure 0.690510268", "size": 0.6905102679999999}]}, {"name": "WC045", "children": [{"name": "Financial Measure 0.9985895105", "size": 0.9985895105}, {"name": "Wellness Measure 0.625167729", "size": 0.625167729}]}, {"name": "WC047", "children": [{"name": "Financial Measure 0.9998442691", "size": 0.9998442691}, {"name": "Wellness Measure 0.678165846", "size": 0.678165846}]}, {"name": "WC048", "children": [{"name": "Financial Measure 0.9994064117", "size": 0.9994064117}, {"name": "Wellness Measure 0.608490934", "size": 0.608490934}]}, {"name": "WC051", "children": [{"name": "Financial Measure 0.9966639315", "size": 0.9966639315000001}, {"name": "Wellness Measure 0.69450831", "size": 0.69450831}]}, {"name": "WC052", "children": [{"name": "Financial Measure 0.9984079413", "size": 0.9984079413}, {"name": "Wellness Measure 0.654090735", "size": 0.654090735}]}, {"name": "WC053", "children": [{"name": "Financial Measure 0.9991847093", "size": 0.9991847093}, {"name": "Wellness Measure 0.714880049", "size": 0.714880049}]}]}, {"name": 2, "children": [{"name": "DC12", "children": [{"name": "Financial Measure 0.9999963456", "size": 0.9999963456000001}, {"name": "Wellness Measure 0.258010173", "size": 0.258010173}]}, {"name": "DC13", "children": [{"name": "Financial Measure 0.9990869335", "size": 0.9990869334999999}, {"name": "Wellness Measure 0.382382194", "size": 0.382382194}]}, {"name": "DC14", "children": [{"name": "Financial Measure 0.9999925376", "size": 0.9999925376000001}, {"name": "Wellness Measure 0.337836395", "size": 0.337836395}]}, {"name": "DC15", "children": [{"name": "Financial Measure 0.9994212689", "size": 0.9994212689}, {"name": "Wellness Measure 0.17373136", "size": 0.17373136}]}, {"name": "DC21", "children": [{"name": "Financial Measure 0.9990998353", "size": 0.9990998353}, {"name": "Wellness Measure 0.287873448", "size": 0.28787344800000003}]}, {"name": "DC23", "children": [{"name": "Financial Measure 0.9988688552", "size": 0.9988688551999999}, {"name": "Wellness Measure 0.328014519", "size": 0.328014519}]}, {"name": "DC24", "children": [{"name": "Financial Measure 0.9991204936", "size": 0.9991204936}, {"name": "Wellness Measure 0.235772549", "size": 0.235772549}]}, {"name": "DC26", "children": [{"name": "Financial Measure 0.9999985943", "size": 0.9999985943}, {"name": "Wellness Measure 0.308937344", "size": 0.308937344}]}, {"name": "DC27", "children": [{"name": "Financial Measure 0.9944943613", "size": 0.9944943612999999}, {"name": "Wellness Measure 0.175245324", "size": 0.17524532399999998}]}, {"name": "DC28", "children": [{"name": "Financial Measure 1.0", "size": 1.0}, {"name": "Wellness Measure 0.398295342", "size": 0.39829534200000005}]}, {"name": "DC29", "children": [{"name": "Financial Measure 0.9998979886", "size": 0.9998979886}, {"name": "Wellness Measure 0.324697388", "size": 0.32469738800000003}]}, {"name": "DC32", "children": [{"name": "Financial Measure 0.9999668468", "size": 0.9999668468}, {"name": "Wellness Measure 0.386202841", "size": 0.386202841}]}, {"name": "DC33", "children": [{"name": "Financial Measure 0.9998390113", "size": 0.9998390113}, {"name": "Wellness Measure 0.242002535", "size": 0.242002535}]}, {"name": "DC34", "children": [{"name": "Financial Measure 0.9991348324", "size": 0.9991348323999999}, {"name": "Wellness Measure 0.231448872", "size": 0.231448872}]}, {"name": "DC35", "children": [{"name": "Financial Measure 0.9999193556", "size": 0.9999193556}, {"name": "Wellness Measure 0.403480151", "size": 0.403480151}]}, {"name": "DC36", "children": [{"name": "Financial Measure 0.9999999304", "size": 0.9999999304}, {"name": "Wellness Measure 0.439222902", "size": 0.439222902}]}, {"name": "DC37", "children": [{"name": "Financial Measure 0.9987316139", "size": 0.9987316139}, {"name": "Wellness Measure 0.478888832", "size": 0.47888883200000004}]}, {"name": "DC38", "children": [{"name": "Financial Measure 0.9978840596", "size": 0.9978840595999999}, {"name": "Wellness Measure 0.39875261", "size": 0.39875261}]}, {"name": "DC39", "children": [{"name": "Financial Measure 0.99768804", "size": 0.99768804}, {"name": "Wellness Measure 0.374978439", "size": 0.374978439}]}, {"name": "DC43", "children": [{"name": "Financial Measure 0.9960267286", "size": 0.9960267286}, {"name": "Wellness Measure 0.214061281", "size": 0.21406128100000002}]}, {"name": "DC44", "children": [{"name": "Financial Measure 0.997478384", "size": 0.9974783840000001}, {"name": "Wellness Measure 0.134247986", "size": 0.13424798599999999}]}, {"name": "DC45", "children": [{"name": "Financial Measure 0.9996731343", "size": 0.9996731343}, {"name": "Wellness Measure 0.380493247", "size": 0.38049324700000003}]}, {"name": "DC47", "children": [{"name": "Financial Measure 0.9992517383", "size": 0.9992517383}, {"name": "Wellness Measure 0.226523933", "size": 0.226523933}]}, {"name": "EC121", "children": [{"name": "Financial Measure 0.9994727496", "size": 0.9994727496}, {"name": "Wellness Measure 0.155085974", "size": 0.15508597400000002}]}, {"name": "EC122", "children": [{"name": "Financial Measure 0.998843749", "size": 0.9988437490000001}, {"name": "Wellness Measure 0.276328599", "size": 0.276328599}]}, {"name": "EC123", "children": [{"name": "Financial Measure 0.999475064", "size": 0.9994750640000001}, {"name": "Wellness Measure 0.345310779", "size": 0.345310779}]}, {"name": "EC124", "children": [{"name": "Financial Measure 0.9977566485", "size": 0.9977566484999999}, {"name": "Wellness Measure 0.359025174", "size": 0.359025174}]}, {"name": "EC126", "children": [{"name": "Financial Measure 0.998598849", "size": 0.9985988490000001}, {"name": "Wellness Measure 0.289735039", "size": 0.28973503899999997}]}, {"name": "EC127", "children": [{"name": "Financial Measure 0.9992219471", "size": 0.9992219470999999}, {"name": "Wellness Measure 0.451123468", "size": 0.45112346799999997}]}, {"name": "EC132", "children": [{"name": "Financial Measure 0.9997467661", "size": 0.9997467661}, {"name": "Wellness Measure 0.384912516", "size": 0.38491251600000004}]}, {"name": "EC135", "children": [{"name": "Financial Measure 0.9982119723", "size": 0.9982119723}, {"name": "Wellness Measure 0.18635603", "size": 0.18635603}]}, {"name": "EC136", "children": [{"name": "Financial Measure 0.9984652782", "size": 0.9984652782}, {"name": "Wellness Measure 0.313629254", "size": 0.31362925399999997}]}, {"name": "EC137", "children": [{"name": "Financial Measure 0.999997261", "size": 0.999997261}, {"name": "Wellness Measure 0.16408711", "size": 0.16408711}]}, {"name": "EC138", "children": [{"name": "Financial Measure 0.9978387613", "size": 0.9978387612999999}, {"name": "Wellness Measure 0.344471991", "size": 0.34447199100000003}]}, {"name": "EC141", "children": [{"name": "Financial Measure 0.9998618047", "size": 0.9998618047}, {"name": "Wellness Measure 0.159923441", "size": 0.159923441}]}, {"name": "EC142", "children": [{"name": "Financial Measure 0.9999607476", "size": 0.9999607476000001}, {"name": "Wellness Measure 0.330145882", "size": 0.330145882}]}, {"name": "EC153", "children": [{"name": "Financial Measure 0.9999846938", "size": 0.9999846938}, {"name": "Wellness Measure 0.111577542", "size": 0.11157754199999999}]}, {"name": "EC154", "children": [{"name": "Financial Measure 0.9976290705", "size": 0.9976290704999999}, {"name": "Wellness Measure 0.112760027", "size": 0.112760027}]}, {"name": "EC155", "children": [{"name": "Financial Measure 0.9994389503", "size": 0.9994389503}, {"name": "Wellness Measure 0.131812775", "size": 0.131812775}]}, {"name": "EC156", "children": [{"name": "Financial Measure 0.9967556582", "size": 0.9967556581999999}, {"name": "Wellness Measure 0.150628273", "size": 0.150628273}]}, {"name": "EC157", "children": [{"name": "Financial Measure 0.9969543934", "size": 0.9969543934}, {"name": "Wellness Measure 0.292425125", "size": 0.292425125}]}, {"name": "EC441", "children": [{"name": "Financial Measure 0.999697555", "size": 0.999697555}, {"name": "Wellness Measure 0.207467727", "size": 0.207467727}]}, {"name": "EC442", "children": [{"name": "Financial Measure 0.9999845868", "size": 0.9999845868}, {"name": "Wellness Measure 0.163978758", "size": 0.163978758}]}, {"name": "EC443", "children": [{"name": "Financial Measure 0.9995038998", "size": 0.9995038998000001}, {"name": "Wellness Measure 0.092283048", "size": 0.092283048}]}, {"name": "EC444", "children": [{"name": "Financial Measure 0.9986514375", "size": 0.9986514375}, {"name": "Wellness Measure 0.086652323", "size": 0.086652323}]}, {"name": "KZN211", "children": [{"name": "Financial Measure 0.9995339042", "size": 0.9995339042}, {"name": "Wellness Measure 0.137627185", "size": 0.137627185}]}, {"name": "KZN212", "children": [{"name": "Financial Measure 0.999473814", "size": 0.999473814}, {"name": "Wellness Measure 0.423631368", "size": 0.42363136799999995}]}, {"name": "KZN213", "children": [{"name": "Financial Measure 0.9991300349", "size": 0.9991300349}, {"name": "Wellness Measure 0.163696435", "size": 0.163696435}]}, {"name": "KZN214", "children": [{"name": "Financial Measure 0.9993507909", "size": 0.9993507909}, {"name": "Wellness Measure 0.195796584", "size": 0.195796584}]}, {"name": "KZN215", "children": [{"name": "Financial Measure 1.0", "size": 1.0}, {"name": "Wellness Measure 0.230456816", "size": 0.230456816}]}, {"name": "KZN221", "children": [{"name": "Financial Measure 1.0", "size": 1.0}, {"name": "Wellness Measure 0.34780786", "size": 0.34780786}]}, {"name": "KZN223", "children": [{"name": "Financial Measure 0.9985434495", "size": 0.9985434495000001}, {"name": "Wellness Measure 0.396058203", "size": 0.396058203}]}, {"name": "KZN224", "children": [{"name": "Financial Measure 0.9998224768", "size": 0.9998224768}, {"name": "Wellness Measure 0.269331163", "size": 0.269331163}]}, {"name": "KZN226", "children": [{"name": "Financial Measure 0.9998531336", "size": 0.9998531335999999}, {"name": "Wellness Measure 0.318003798", "size": 0.318003798}]}, {"name": "KZN227", "children": [{"name": "Financial Measure 0.9999880728", "size": 0.9999880728}, {"name": "Wellness Measure 0.308575322", "size": 0.308575322}]}, {"name": "KZN232", "children": [{"name": "Financial Measure 0.9999995847", "size": 0.9999995846999999}, {"name": "Wellness Measure 0.464493907", "size": 0.46449390700000004}]}, {"name": "KZN233", "children": [{"name": "Financial Measure 0.9981914049", "size": 0.9981914048999999}, {"name": "Wellness Measure 0.267951237", "size": 0.267951237}]}, {"name": "KZN234", "children": [{"name": "Financial Measure 0.9991861841", "size": 0.9991861840999999}, {"name": "Wellness Measure 0.393888628", "size": 0.39388862799999996}]}, {"name": "KZN235", "children": [{"name": "Financial Measure 0.9997357859", "size": 0.9997357859}, {"name": "Wellness Measure 0.223229441", "size": 0.22322944100000003}]}, {"name": "KZN236", "children": [{"name": "Financial Measure 0.9999953085", "size": 0.9999953085}, {"name": "Wellness Measure 0.168681049", "size": 0.16868104899999997}]}, {"name": "KZN242", "children": [{"name": "Financial Measure 0.999998801", "size": 0.9999988009999999}, {"name": "Wellness Measure 0.230998403", "size": 0.23099840300000002}]}, {"name": "KZN244", "children": [{"name": "Financial Measure 0.9997997846", "size": 0.9997997846}, {"name": "Wellness Measure 0.108787589", "size": 0.108787589}]}, {"name": "KZN245", "children": [{"name": "Financial Measure 0.9997999836", "size": 0.9997999836}, {"name": "Wellness Measure 0.237195056", "size": 0.23719505600000002}]}, {"name": "KZN253", "children": [{"name": "Financial Measure 0.9999960129", "size": 0.9999960129000001}, {"name": "Wellness Measure 0.226222423", "size": 0.226222423}]}, {"name": "KZN254", "children": [{"name": "Financial Measure 0.9999659258", "size": 0.9999659258}, {"name": "Wellness Measure 0.319387383", "size": 0.319387383}]}, {"name": "KZN261", "children": [{"name": "Financial Measure 0.9989031308", "size": 0.9989031307999999}, {"name": "Wellness Measure 0.290111406", "size": 0.290111406}]}, {"name": "KZN262", "children": [{"name": "Financial Measure 0.99907877", "size": 0.99907877}, {"name": "Wellness Measure 0.303892511", "size": 0.30389251100000003}]}, {"name": "KZN263", "children": [{"name": "Financial Measure 0.9996614905", "size": 0.9996614905}, {"name": "Wellness Measure 0.429414515", "size": 0.429414515}]}, {"name": "KZN265", "children": [{"name": "Financial Measure 0.9994594431", "size": 0.9994594431}, {"name": "Wellness Measure 0.250833701", "size": 0.250833701}]}, {"name": "KZN266", "children": [{"name": "Financial Measure 0.999148188", "size": 0.9991481879999999}, {"name": "Wellness Measure 0.318480203", "size": 0.318480203}]}, {"name": "KZN271", "children": [{"name": "Financial Measure 0.9984777142", "size": 0.9984777142}, {"name": "Wellness Measure 0.113605052", "size": 0.113605052}]}, {"name": "KZN272", "children": [{"name": "Financial Measure 0.9956527687", "size": 0.9956527687000001}, {"name": "Wellness Measure 0.155775646", "size": 0.155775646}]}, {"name": "KZN273", "children": [{"name": "Financial Measure 0.999333169", "size": 0.999333169}, {"name": "Wellness Measure 0.204504908", "size": 0.204504908}]}, {"name": "KZN274", "children": [{"name": "Financial Measure 0.9997117498", "size": 0.9997117498}, {"name": "Wellness Measure 0.18346862", "size": 0.18346862}]}, {"name": "KZN275", "children": [{"name": "Financial Measure 0.9990188275", "size": 0.9990188275}, {"name": "Wellness Measure 0.307443353", "size": 0.30744335300000003}]}, {"name": "KZN281", "children": [{"name": "Financial Measure 0.9982481999", "size": 0.9982481998999999}, {"name": "Wellness Measure 0.318850782", "size": 0.318850782}]}, {"name": "KZN283", "children": [{"name": "Financial Measure 1.0", "size": 1.0}, {"name": "Wellness Measure 0.195505988", "size": 0.19550598800000002}]}, {"name": "KZN284", "children": [{"name": "Financial Measure 0.999194617", "size": 0.999194617}, {"name": "Wellness Measure 0.266423736", "size": 0.266423736}]}, {"name": "KZN285", "children": [{"name": "Financial Measure 0.9972275272", "size": 0.9972275272}, {"name": "Wellness Measure 0.269725849", "size": 0.26972584899999996}]}, {"name": "KZN286", "children": [{"name": "Financial Measure 0.9984296261", "size": 0.9984296261}, {"name": "Wellness Measure 0.217430866", "size": 0.21743086600000003}]}, {"name": "KZN291", "children": [{"name": "Financial Measure 0.9990423419", "size": 0.9990423419}, {"name": "Wellness Measure 0.381279343", "size": 0.381279343}]}, {"name": "KZN292", "children": [{"name": "Financial Measure 0.9997888622", "size": 0.9997888622}, {"name": "Wellness Measure 0.432518184", "size": 0.43251818399999997}]}, {"name": "KZN293", "children": [{"name": "Financial Measure 0.9993423427", "size": 0.9993423427}, {"name": "Wellness Measure 0.209517717", "size": 0.209517717}]}, {"name": "KZN294", "children": [{"name": "Financial Measure 0.999735919", "size": 0.999735919}, {"name": "Wellness Measure 0.137163337", "size": 0.137163337}]}, {"name": "KZN431", "children": [{"name": "Financial Measure 0.9993393276", "size": 0.9993393276000001}, {"name": "Wellness Measure 0.153395638", "size": 0.153395638}]}, {"name": "KZN432", "children": [{"name": "Financial Measure 0.9994155988", "size": 0.9994155988}, {"name": "Wellness Measure 0.338949879", "size": 0.338949879}]}, {"name": "KZN434", "children": [{"name": "Financial Measure 0.9999888291", "size": 0.9999888291}, {"name": "Wellness Measure 0.129693148", "size": 0.129693148}]}, {"name": "KZN435", "children": [{"name": "Financial Measure 0.9999999022", "size": 0.9999999022}, {"name": "Wellness Measure 0.164096014", "size": 0.164096014}]}, {"name": "LIM331", "children": [{"name": "Financial Measure 0.999748784", "size": 0.9997487840000001}, {"name": "Wellness Measure 0.190041147", "size": 0.190041147}]}, {"name": "LIM332", "children": [{"name": "Financial Measure 0.9992594467", "size": 0.9992594467}, {"name": "Wellness Measure 0.212933092", "size": 0.212933092}]}, {"name": "LIM333", "children": [{"name": "Financial Measure 0.9996603114", "size": 0.9996603114}, {"name": "Wellness Measure 0.270043402", "size": 0.270043402}]}, {"name": "LIM334", "children": [{"name": "Financial Measure 0.9997552832", "size": 0.9997552832}, {"name": "Wellness Measure 0.466992056", "size": 0.466992056}]}, {"name": "LIM335", "children": [{"name": "Financial Measure 0.999218094", "size": 0.9992180940000001}, {"name": "Wellness Measure 0.188822688", "size": 0.18882268800000002}]}, {"name": "LIM342", "children": [{"name": "Financial Measure 0.9984832504", "size": 0.9984832504000001}, {"name": "Wellness Measure 0.115007101", "size": 0.115007101}]}, {"name": "LIM343", "children": [{"name": "Financial Measure 0.9999986907", "size": 0.9999986906999999}, {"name": "Wellness Measure 0.239445889", "size": 0.239445889}]}, {"name": "LIM344", "children": [{"name": "Financial Measure 0.9994420966", "size": 0.9994420965999999}, {"name": "Wellness Measure 0.227599913", "size": 0.22759991300000001}]}, {"name": "LIM351", "children": [{"name": "Financial Measure 0.9998960694", "size": 0.9998960694}, {"name": "Wellness Measure 0.196902993", "size": 0.196902993}]}, {"name": "LIM352", "children": [{"name": "Financial Measure 0.9997272679", "size": 0.9997272679000001}, {"name": "Wellness Measure 0.303450573", "size": 0.303450573}]}, {"name": "LIM353", "children": [{"name": "Financial Measure 0.9984378372", "size": 0.9984378372}, {"name": "Wellness Measure 0.359514975", "size": 0.359514975}]}, {"name": "LIM354", "children": [{"name": "Financial Measure 0.999106852", "size": 0.999106852}, {"name": "Wellness Measure 0.489700904", "size": 0.489700904}]}, {"name": "LIM355", "children": [{"name": "Financial Measure 0.9991777665", "size": 0.9991777665}, {"name": "Wellness Measure 0.320057987", "size": 0.320057987}]}, {"name": "LIM362", "children": [{"name": "Financial Measure 0.9992064084", "size": 0.9992064084000001}, {"name": "Wellness Measure 0.427335483", "size": 0.42733548299999996}]}, {"name": "LIM367", "children": [{"name": "Financial Measure 0.9992685505", "size": 0.9992685505}, {"name": "Wellness Measure 0.355437846", "size": 0.355437846}]}, {"name": "LIM471", "children": [{"name": "Financial Measure 0.9975354434", "size": 0.9975354434}, {"name": "Wellness Measure 0.298786259", "size": 0.298786259}]}, {"name": "LIM472", "children": [{"name": "Financial Measure 0.9994887368", "size": 0.9994887368}, {"name": "Wellness Measure 0.305943266", "size": 0.305943266}]}, {"name": "LIM473", "children": [{"name": "Financial Measure 0.9999034444", "size": 0.9999034444}, {"name": "Wellness Measure 0.205748266", "size": 0.205748266}]}, {"name": "LIM474", "children": [{"name": "Financial Measure 0.9993753091", "size": 0.9993753090999999}, {"name": "Wellness Measure 0.220378493", "size": 0.220378493}]}, {"name": "LIM475", "children": [{"name": "Financial Measure 0.9989095225", "size": 0.9989095225}, {"name": "Wellness Measure 0.214294231", "size": 0.214294231}]}, {"name": "MP301", "children": [{"name": "Financial Measure 0.9992485038", "size": 0.9992485038}, {"name": "Wellness Measure 0.353657969", "size": 0.35365796899999996}]}, {"name": "MP303", "children": [{"name": "Financial Measure 0.9992071128", "size": 0.9992071128}, {"name": "Wellness Measure 0.336702693", "size": 0.336702693}]}, {"name": "MP304", "children": [{"name": "Financial Measure 0.9999217813", "size": 0.9999217813}, {"name": "Wellness Measure 0.487936867", "size": 0.48793686700000005}]}, {"name": "MP315", "children": [{"name": "Financial Measure 0.9993896733", "size": 0.9993896733}, {"name": "Wellness Measure 0.472269614", "size": 0.472269614}]}, {"name": "MP316", "children": [{"name": "Financial Measure 0.9993745876", "size": 0.9993745876000001}, {"name": "Wellness Measure 0.399915125", "size": 0.399915125}]}, {"name": "MP322", "children": [{"name": "Financial Measure 0.9998479813", "size": 0.9998479813}, {"name": "Wellness Measure 0.474942701", "size": 0.474942701}]}, {"name": "MP324", "children": [{"name": "Financial Measure 0.9987432827", "size": 0.9987432827}, {"name": "Wellness Measure 0.353594572", "size": 0.35359457200000005}]}, {"name": "MP325", "children": [{"name": "Financial Measure 0.9984721837", "size": 0.9984721837}, {"name": "Wellness Measure 0.277435283", "size": 0.27743528300000003}]}, {"name": "NC451", "children": [{"name": "Financial Measure 0.9988548487", "size": 0.9988548487000001}, {"name": "Wellness Measure 0.16135296", "size": 0.16135296}]}, {"name": "NC452", "children": [{"name": "Financial Measure 0.9998567348", "size": 0.9998567348}, {"name": "Wellness Measure 0.371632322", "size": 0.371632322}]}, {"name": "NW371", "children": [{"name": "Financial Measure 0.9969584192", "size": 0.9969584192000001}, {"name": "Wellness Measure 0.399557094", "size": 0.399557094}]}, {"name": "NW372", "children": [{"name": "Financial Measure 0.998079018", "size": 0.998079018}, {"name": "Wellness Measure 0.482167728", "size": 0.48216772799999996}]}, {"name": "NW375", "children": [{"name": "Financial Measure 0.9994676964", "size": 0.9994676964}, {"name": "Wellness Measure 0.377500789", "size": 0.377500789}]}, {"name": "NW381", "children": [{"name": "Financial Measure 0.9987978655", "size": 0.9987978654999999}, {"name": "Wellness Measure 0.179427048", "size": 0.179427048}]}, {"name": "NW382", "children": [{"name": "Financial Measure 0.9979901281", "size": 0.9979901281}, {"name": "Wellness Measure 0.415321375", "size": 0.415321375}]}, {"name": "NW383", "children": [{"name": "Financial Measure 0.9990810998", "size": 0.9990810998}, {"name": "Wellness Measure 0.436914872", "size": 0.436914872}]}, {"name": "NW384", "children": [{"name": "Financial Measure 0.9991243033", "size": 0.9991243033}, {"name": "Wellness Measure 0.491269076", "size": 0.491269076}]}, {"name": "NW385", "children": [{"name": "Financial Measure 0.9987181233", "size": 0.9987181233}, {"name": "Wellness Measure 0.356733321", "size": 0.356733321}]}, {"name": "NW394", "children": [{"name": "Financial Measure 0.9988343099", "size": 0.9988343099}, {"name": "Wellness Measure 0.266046004", "size": 0.266046004}]}, {"name": "NW397", "children": [{"name": "Financial Measure 0.998823324", "size": 0.9988233240000001}, {"name": "Wellness Measure 0.242138472", "size": 0.242138472}]}, {"name": "NW401", "children": [{"name": "Financial Measure 0.9975760049", "size": 0.9975760049}, {"name": "Wellness Measure 0.465944808", "size": 0.465944808}]}]}]}