{"name": "flare", "children": [{"name": 1, "children": [{"name": "BUF", "children": [{"name": "Financial Measure 0.999571621", "size": 0.999571621}, {"name": "Wellness Measure 0.574703629", "size": 0.5747036289999999}]}, {"name": "CPT", "children": [{"name": "Financial Measure 0.9999993532", "size": 0.9999993531999999}, {"name": "Wellness Measure 0.708695779", "size": 0.708695779}]}, {"name": "DC1", "children": [{"name": "Financial Measure 0.9999528547", "size": 0.9999528547}, {"name": "Wellness Measure 0.712713918", "size": 0.712713918}]}, {"name": "DC10", "children": [{"name": "Financial Measure 0.9996863376", "size": 0.9996863376}, {"name": "Wellness Measure 0.661455687", "size": 0.661455687}]}, {"name": "DC16", "children": [{"name": "Financial Measure 0.9990655975", "size": 0.9990655975}, {"name": "Wellness Measure 0.682325053", "size": 0.682325053}]}, {"name": "DC18", "children": [{"name": "Financial Measure 0.9788620112", "size": 0.9788620112}, {"name": "Wellness Measure 0.684813125", "size": 0.684813125}]}, {"name": "DC19", "children": [{"name": "Financial Measure 0.9994533333", "size": 0.9994533333}, {"name": "Wellness Measure 0.571394359", "size": 0.571394359}]}, {"name": "DC2", "children": [{"name": "Financial Measure 0.9992409687", "size": 0.9992409687}, {"name": "Wellness Measure 0.713670908", "size": 0.713670908}]}, {"name": "DC20", "children": [{"name": "Financial Measure 0.9999406447", "size": 0.9999406447}, {"name": "Wellness Measure 0.676326331", "size": 0.676326331}]}, {"name": "DC22", "children": [{"name": "Financial Measure 0.9999936887", "size": 0.9999936887}, {"name": "Wellness Measure 0.520866911", "size": 0.520866911}]}, {"name": "DC25", "children": [{"name": "Financial Measure 0.9970812792", "size": 0.9970812792}, {"name": "Wellness Measure 0.554208906", "size": 0.5542089060000001}]}, {"name": "DC3", "children": [{"name": "Financial Measure 0.9993571782", "size": 0.9993571781999999}, {"name": "Wellness Measure 0.680925555", "size": 0.680925555}]}, {"name": "DC30", "children": [{"name": "Financial Measure 0.9994551481", "size": 0.9994551481}, {"name": "Wellness Measure 0.538534472", "size": 0.538534472}]}, {"name": "DC31", "children": [{"name": "Financial Measure 0.9996676305", "size": 0.9996676305}, {"name": "Wellness Measure 0.538256843", "size": 0.538256843}]}, {"name": "DC4", "children": [{"name": "Financial Measure 0.9962132984", "size": 0.9962132984000001}, {"name": "Wellness Measure 0.706404335", "size": 0.706404335}]}, {"name": "DC40", "children": [{"name": "Financial Measure 0.9997561803", "size": 0.9997561803}, {"name": "Wellness Measure 0.689395456", "size": 0.689395456}]}, {"name": "DC42", "children": [{"name": "Financial Measure 0.9999980789", "size": 0.9999980789}, {"name": "Wellness Measure 0.713566072", "size": 0.713566072}]}, {"name": "DC48", "children": [{"name": "Financial Measure 0.9998572333", "size": 0.9998572333}, {"name": "Wellness Measure 0.63475284", "size": 0.63475284}]}, {"name": "DC5", "children": [{"name": "Financial Measure 0.9997754162", "size": 0.9997754162000001}, {"name": "Wellness Measure 0.718852518", "size": 0.7188525179999999}]}, {"name": "DC6", "children": [{"name": "Financial Measure 0.9998324098", "size": 0.9998324098}, {"name": "Wellness Measure 0.68193479", "size": 0.68193479}]}, {"name": "DC7", "children": [{"name": "Financial Measure 0.9984377466", "size": 0.9984377466}, {"name": "Wellness Measure 0.660349775", "size": 0.660349775}]}, {"name": "DC8", "children": [{"name": "Financial Measure 0.9995299751", "size": 0.9995299751000001}, {"name": "Wellness Measure 0.633034743", "size": 0.633034743}]}, {"name": "DC9", "children": [{"name": "Financial Measure 0.9998969837", "size": 0.9998969837}, {"name": "Wellness Measure 0.665701277", "size": 0.665701277}]}, {"name": "EC101", "children": [{"name": "Financial Measure 0.9997253064", "size": 0.9997253064}, {"name": "Wellness Measure 0.725868116", "size": 0.7258681159999999}]}, {"name": "EC102", "children": [{"name": "Financial Measure 0.9992789733", "size": 0.9992789732999999}, {"name": "Wellness Measure 0.666878204", "size": 0.666878204}]}, {"name": "EC103", "children": [{"name": "Financial Measure 0.9965696229", "size": 0.9965696229000001}, {"name": "Wellness Measure 0.648199708", "size": 0.6481997079999999}]}, {"name": "EC104", "children": [{"name": "Financial Measure 0.9988995861", "size": 0.9988995861}, {"name": "Wellness Measure 0.662546256", "size": 0.6625462560000001}]}, {"name": "EC105", "children": [{"name": "Financial Measure 0.9976121042", "size": 0.9976121042}, {"name": "Wellness Measure 0.559584124", "size": 0.559584124}]}, {"name": "EC106", "children": [{"name": "Financial Measure 0.99781729", "size": 0.99781729}, {"name": "Wellness Measure 0.561393827", "size": 0.5613938270000001}]}, {"name": "EC107", "children": [{"name": "Financial Measure 0.9994230472", "size": 0.9994230472}, {"name": "Wellness Measure 0.613080476", "size": 0.613080476}]}, {"name": "EC108", "children": [{"name": "Financial Measure 0.999565074", "size": 0.999565074}, {"name": "Wellness Measure 0.618250601", "size": 0.6182506010000001}]}, {"name": "EC109", "children": [{"name": "Financial Measure 0.9990366612", "size": 0.9990366612}, {"name": "Wellness Measure 0.649586383", "size": 0.6495863829999999}]}, {"name": "EC128", "children": [{"name": "Financial Measure 0.9991883833", "size": 0.9991883832999999}, {"name": "Wellness Measure 0.640634868", "size": 0.640634868}]}, {"name": "EC131", "children": [{"name": "Financial Measure 0.9996119771", "size": 0.9996119770999999}, {"name": "Wellness Measure 0.697655679", "size": 0.697655679}]}, {"name": "EC133", "children": [{"name": "Financial Measure 0.998430884", "size": 0.998430884}, {"name": "Wellness Measure 0.677260337", "size": 0.677260337}]}, {"name": "EC134", "children": [{"name": "Financial Measure 0.9992479469", "size": 0.9992479469}, {"name": "Wellness Measure 0.5887349", "size": 0.5887349000000001}]}, {"name": "EC143", "children": [{"name": "Financial Measure 0.9992501444", "size": 0.9992501443999999}, {"name": "Wellness Measure 0.619844662", "size": 0.619844662}]}, {"name": "EC144", "children": [{"name": "Financial Measure 0.9986128981", "size": 0.9986128981}, {"name": "Wellness Measure 0.647072577", "size": 0.647072577}]}, {"name": "EKU", "children": [{"name": "Financial Measure 0.9999595223", "size": 0.9999595223000001}, {"name": "Wellness Measure 0.680643316", "size": 0.6806433159999999}]}, {"name": "ETH", "children": [{"name": "Financial Measure 0.9999184632", "size": 0.9999184631999999}, {"name": "Wellness Measure 0.626096942", "size": 0.626096942}]}, {"name": "FS161", "children": [{"name": "Financial Measure 0.9977617389", "size": 0.9977617389}, {"name": "Wellness Measure 0.650471416", "size": 0.650471416}]}, {"name": "FS162", "children": [{"name": "Financial Measure 0.9967253105", "size": 0.9967253105}, {"name": "Wellness Measure 0.673422829", "size": 0.6734228290000001}]}, {"name": "FS163", "children": [{"name": "Financial Measure 0.9974007277", "size": 0.9974007277}, {"name": "Wellness Measure 0.632096414", "size": 0.6320964139999999}]}, {"name": "FS164", "children": [{"name": "Financial Measure 0.9980702051", "size": 0.9980702051000001}, {"name": "Wellness Measure 0.675822814", "size": 0.6758228140000001}]}, {"name": "FS181", "children": [{"name": "Financial Measure 0.9945251186", "size": 0.9945251186}, {"name": "Wellness Measure 0.649809488", "size": 0.6498094879999999}]}, {"name": "FS182", "children": [{"name": "Financial Measure 0.9940070466", "size": 0.9940070465999999}, {"name": "Wellness Measure 0.505759785", "size": 0.505759785}]}, {"name": "FS183", "children": [{"name": "Financial Measure 0.9997946452", "size": 0.9997946451999999}, {"name": "Wellness Measure 0.672778524", "size": 0.672778524}]}, {"name": "FS184", "children": [{"name": "Financial Measure 0.9959600984", "size": 0.9959600984}, {"name": "Wellness Measure 0.68203028", "size": 0.68203028}]}, {"name": "FS185", "children": [{"name": "Financial Measure 0.9988403344", "size": 0.9988403344}, {"name": "Wellness Measure 0.637097948", "size": 0.637097948}]}, {"name": "FS191", "children": [{"name": "Financial Measure 0.9984281834", "size": 0.9984281834000001}, {"name": "Wellness Measure 0.595088218", "size": 0.595088218}]}, {"name": "FS192", "children": [{"name": "Financial Measure 0.9993748811", "size": 0.9993748811}, {"name": "Wellness Measure 0.612852174", "size": 0.612852174}]}, {"name": "FS193", "children": [{"name": "Financial Measure 0.9960600319", "size": 0.9960600319}, {"name": "Wellness Measure 0.584591869", "size": 0.5845918689999999}]}, {"name": "FS194", "children": [{"name": "Financial Measure 0.9989386232", "size": 0.9989386231999999}, {"name": "Wellness Measure 0.512304692", "size": 0.5123046920000001}]}, {"name": "FS195", "children": [{"name": "Financial Measure 0.9970543192", "size": 0.9970543192}, {"name": "Wellness Measure 0.548109908", "size": 0.5481099079999999}]}, {"name": "FS196", "children": [{"name": "Financial Measure 0.9984129179", "size": 0.9984129179000001}, {"name": "Wellness Measure 0.638870691", "size": 0.638870691}]}, {"name": "FS201", "children": [{"name": "Financial Measure 0.9984931429", "size": 0.9984931429}, {"name": "Wellness Measure 0.693923669", "size": 0.693923669}]}, {"name": "FS203", "children": [{"name": "Financial Measure 0.9988847629", "size": 0.9988847629000001}, {"name": "Wellness Measure 0.648358414", "size": 0.6483584139999999}]}, {"name": "FS204", "children": [{"name": "Financial Measure 0.9988985455", "size": 0.9988985455}, {"name": "Wellness Measure 0.662229781", "size": 0.662229781}]}, {"name": "FS205", "children": [{"name": "Financial Measure 0.9983500853", "size": 0.9983500853}, {"name": "Wellness Measure 0.634771649", "size": 0.6347716489999999}]}, {"name": "GT421", "children": [{"name": "Financial Measure 0.9998621431", "size": 0.9998621431}, {"name": "Wellness Measure 0.720121079", "size": 0.7201210790000001}]}, {"name": "GT422", "children": [{"name": "Financial Measure 0.9999180829", "size": 0.9999180829000001}, {"name": "Wellness Measure 0.631948647", "size": 0.631948647}]}, {"name": "GT423", "children": [{"name": "Financial Measure 0.9997109379", "size": 0.9997109379000001}, {"name": "Wellness Measure 0.677683671", "size": 0.6776836709999999}]}, {"name": "GT481", "children": [{"name": "Financial Measure 0.9999024728", "size": 0.9999024728}, {"name": "Wellness Measure 0.674589613", "size": 0.674589613}]}, {"name": "GT482", "children": [{"name": "Financial Measure 0.9994588345", "size": 0.9994588345000001}, {"name": "Wellness Measure 0.654573095", "size": 0.654573095}]}, {"name": "GT483", "children": [{"name": "Financial Measure 0.9990430731", "size": 0.9990430731000001}, {"name": "Wellness Measure 0.506422704", "size": 0.506422704}]}, {"name": "GT484", "children": [{"name": "Financial Measure 0.9996506554", "size": 0.9996506554000001}, {"name": "Wellness Measure 0.633095269", "size": 0.633095269}]}, {"name": "JHB", "children": [{"name": "Financial Measure 0.9999180278", "size": 0.9999180278}, {"name": "Wellness Measure 0.705571209", "size": 0.705571209}]}, {"name": "KZN222", "children": [{"name": "Financial Measure 0.9993389667", "size": 0.9993389667}, {"name": "Wellness Measure 0.605455865", "size": 0.605455865}]}, {"name": "KZN225", "children": [{"name": "Financial Measure 0.9999020312", "size": 0.9999020312000001}, {"name": "Wellness Measure 0.601191534", "size": 0.601191534}]}, {"name": "KZN241", "children": [{"name": "Financial Measure 0.9998921741", "size": 0.9998921741}, {"name": "Wellness Measure 0.55602243", "size": 0.55602243}]}, {"name": "KZN252", "children": [{"name": "Financial Measure 0.9995739491", "size": 0.9995739491}, {"name": "Wellness Measure 0.590119459", "size": 0.590119459}]}, {"name": "KZN282", "children": [{"name": "Financial Measure 1.0", "size": 1.0}, {"name": "Wellness Measure 0.605877913", "size": 0.6058779129999999}]}, {"name": "KZN433", "children": [{"name": "Financial Measure 0.9995571757", "size": 0.9995571756999999}, {"name": "Wellness Measure 0.538938755", "size": 0.538938755}]}, {"name": "LIM341", "children": [{"name": "Financial Measure 0.9993720304", "size": 0.9993720304000001}, {"name": "Wellness Measure 0.548149806", "size": 0.548149806}]}, {"name": "LIM361", "children": [{"name": "Financial Measure 0.9967059623", "size": 0.9967059623000001}, {"name": "Wellness Measure 0.554204282", "size": 0.554204282}]}, {"name": "LIM364", "children": [{"name": "Financial Measure 0.999406442", "size": 0.9994064420000001}, {"name": "Wellness Measure 0.611795979", "size": 0.6117959789999999}]}, {"name": "LIM365", "children": [{"name": "Financial Measure 0.999436008", "size": 0.999436008}, {"name": "Wellness Measure 0.57010887", "size": 0.57010887}]}, {"name": "LIM366", "children": [{"name": "Financial Measure 0.9995187258", "size": 0.9995187258}, {"name": "Wellness Measure 0.606324297", "size": 0.606324297}]}, {"name": "MAN", "children": [{"name": "Financial Measure 0.9991138341", "size": 0.9991138341}, {"name": "Wellness Measure 0.633151152", "size": 0.633151152}]}, {"name": "MP302", "children": [{"name": "Financial Measure 0.9989925618", "size": 0.9989925618000001}, {"name": "Wellness Measure 0.513021248", "size": 0.5130212479999999}]}, {"name": "MP305", "children": [{"name": "Financial Measure 0.998359105", "size": 0.998359105}, {"name": "Wellness Measure 0.671750998", "size": 0.6717509979999999}]}, {"name": "MP306", "children": [{"name": "Financial Measure 0.9988146599", "size": 0.9988146599}, {"name": "Wellness Measure 0.586584503", "size": 0.586584503}]}, {"name": "MP307", "children": [{"name": "Financial Measure 0.9997563351", "size": 0.9997563351000001}, {"name": "Wellness Measure 0.711624011", "size": 0.711624011}]}, {"name": "MP311", "children": [{"name": "Financial Measure 0.998963157", "size": 0.998963157}, {"name": "Wellness Measure 0.608824847", "size": 0.6088248470000001}]}, {"name": "MP312", "children": [{"name": "Financial Measure 0.9997206914", "size": 0.9997206914}, {"name": "Wellness Measure 0.613228586", "size": 0.613228586}]}, {"name": "MP313", "children": [{"name": "Financial Measure 0.9996690137", "size": 0.9996690137}, {"name": "Wellness Measure 0.638193217", "size": 0.638193217}]}, {"name": "MP314", "children": [{"name": "Financial Measure 0.9992626573", "size": 0.9992626573000001}, {"name": "Wellness Measure 0.516384779", "size": 0.516384779}]}, {"name": "MP321", "children": [{"name": "Financial Measure 0.9991438718", "size": 0.9991438718000001}, {"name": "Wellness Measure 0.568146441", "size": 0.568146441}]}, {"name": "MP323", "children": [{"name": "Financial Measure 0.9991033345", "size": 0.9991033345}, {"name": "Wellness Measure 0.533661051", "size": 0.533661051}]}, {"name": "NC061", "children": [{"name": "Financial Measure 0.9989985858", "size": 0.9989985858}, {"name": "Wellness Measure 0.698892666", "size": 0.698892666}]}, {"name": "NC062", "children": [{"name": "Financial Measure 0.9978579571", "size": 0.9978579570999999}, {"name": "Wellness Measure 0.685299264", "size": 0.6852992640000001}]}, {"name": "NC064", "children": [{"name": "Financial Measure 0.9970543629", "size": 0.9970543629}, {"name": "Wellness Measure 0.577967945", "size": 0.577967945}]}, {"name": "NC065", "children": [{"name": "Financial Measure 0.9995634603", "size": 0.9995634603}, {"name": "Wellness Measure 0.669744252", "size": 0.669744252}]}, {"name": "NC066", "children": [{"name": "Financial Measure 0.9977187492", "size": 0.9977187492}, {"name": "Wellness Measure 0.535635105", "size": 0.535635105}]}, {"name": "NC067", "children": [{"name": "Financial Measure 0.9989009554", "size": 0.9989009554}, {"name": "Wellness Measure 0.667551603", "size": 0.6675516029999999}]}, {"name": "NC071", "children": [{"name": "Financial Measure 0.9986324109", "size": 0.9986324109}, {"name": "Wellness Measure 0.651421812", "size": 0.651421812}]}, {"name": "NC072", "children": [{"name": "Financial Measure 0.9987049674", "size": 0.9987049673999999}, {"name": "Wellness Measure 0.658815738", "size": 0.6588157379999999}]}, {"name": "NC073", "children": [{"name": "Financial Measure 0.9986481773", "size": 0.9986481773}, {"name": "Wellness Measure 0.688452563", "size": 0.688452563}]}, {"name": "NC074", "children": [{"name": "Financial Measure 0.9996197444", "size": 0.9996197444}, {"name": "Wellness Measure 0.647292409", "size": 0.647292409}]}, {"name": "NC075", "children": [{"name": "Financial Measure 0.9955897171", "size": 0.9955897170999999}, {"name": "Wellness Measure 0.670223254", "size": 0.6702232539999999}]}, {"name": "NC076", "children": [{"name": "Financial Measure 0.9972350797", "size": 0.9972350797}, {"name": "Wellness Measure 0.55606452", "size": 0.55606452}]}, {"name": "NC077", "children": [{"name": "Financial Measure 0.9979176037", "size": 0.9979176037}, {"name": "Wellness Measure 0.657320763", "size": 0.657320763}]}, {"name": "NC078", "children": [{"name": "Financial Measure 0.9981857612", "size": 0.9981857612}, {"name": "Wellness Measure 0.59752436", "size": 0.59752436}]}, {"name": "NC081", "children": [{"name": "Financial Measure 0.9974862541", "size": 0.9974862540999999}, {"name": "Wellness Measure 0.558244948", "size": 0.558244948}]}, {"name": "NC082", "children": [{"name": "Financial Measure 0.9987724355", "size": 0.9987724354999999}, {"name": "Wellness Measure 0.614776383", "size": 0.6147763829999999}]}, {"name": "NC083", "children": [{"name": "Financial Measure 0.9994188793", "size": 0.9994188793000001}, {"name": "Wellness Measure 0.654904934", "size": 0.6549049339999999}]}, {"name": "NC084", "children": [{"name": "Financial Measure 0.9989828731", "size": 0.9989828731}, {"name": "Wellness Measure 0.528493431", "size": 0.528493431}]}, {"name": "NC085", "children": [{"name": "Financial Measure 0.9969516694", "size": 0.9969516694}, {"name": "Wellness Measure 0.63470947", "size": 0.63470947}]}, {"name": "NC086", "children": [{"name": "Financial Measure 0.9986605014", "size": 0.9986605014}, {"name": "Wellness Measure 0.712919717", "size": 0.712919717}]}, {"name": "NC091", "children": [{"name": "Financial Measure 0.9998223561", "size": 0.9998223561}, {"name": "Wellness Measure 0.67941982", "size": 0.67941982}]}, {"name": "NC092", "children": [{"name": "Financial Measure 0.9992402303", "size": 0.9992402303}, {"name": "Wellness Measure 0.611380922", "size": 0.611380922}]}, {"name": "NC093", "children": [{"name": "Financial Measure 0.9991544834", "size": 0.9991544834}, {"name": "Wellness Measure 0.672415791", "size": 0.6724157909999999}]}, {"name": "NC094", "children": [{"name": "Financial Measure 0.9989872746", "size": 0.9989872745999999}, {"name": "Wellness Measure 0.617156404", "size": 0.6171564039999999}]}, {"name": "NC453", "children": [{"name": "Financial Measure 0.9991716093", "size": 0.9991716093}, {"name": "Wellness Measure 0.694703773", "size": 0.694703773}]}, {"name": "NMA", "children": [{"name": "Financial Measure 0.9993336909", "size": 0.9993336909}, {"name": "Wellness Measure 0.704481382", "size": 0.704481382}]}, {"name": "NW373", "children": [{"name": "Financial Measure 0.9985401511", "size": 0.9985401510999999}, {"name": "Wellness Measure 0.589268442", "size": 0.5892684420000001}]}, {"name": "NW374", "children": [{"name": "Financial Measure 0.9995298383", "size": 0.9995298383}, {"name": "Wellness Measure 0.572742572", "size": 0.572742572}]}, {"name": "NW392", "children": [{"name": "Financial Measure 0.9981004582", "size": 0.9981004581999999}, {"name": "Wellness Measure 0.559354075", "size": 0.559354075}]}, {"name": "NW393", "children": [{"name": "Financial Measure 0.998264277", "size": 0.998264277}, {"name": "Wellness Measure 0.569519761", "size": 0.569519761}]}, {"name": "NW396", "children": [{"name": "Financial Measure 0.9992082537", "size": 0.9992082537}, {"name": "Wellness Measure 0.70853386", "size": 0.70853386}]}, {"name": "NW402", "children": [{"name": "Financial Measure 0.9985684092", "size": 0.9985684092}, {"name": "Wellness Measure 0.689715567", "size": 0.689715567}]}, {"name": "NW403", "children": [{"name": "Financial Measure 0.9981116595", "size": 0.9981116595}, {"name": "Wellness Measure 0.70493483", "size": 0.70493483}]}, {"name": "NW404", "children": [{"name": "Financial Measure 0.9994446911", "size": 0.9994446911}, {"name": "Wellness Measure 0.61481132", "size": 0.61481132}]}, {"name": "TSH", "children": [{"name": "Financial Measure 0.9997705398", "size": 0.9997705398000001}, {"name": "Wellness Measure 0.678458085", "size": 0.678458085}]}, {"name": "WC011", "children": [{"name": "Financial Measure 0.9991601568", "size": 0.9991601568}, {"name": "Wellness Measure 0.66451707", "size": 0.66451707}]}, {"name": "WC012", "children": [{"name": "Financial Measure 0.9995261541", "size": 0.9995261541}, {"name": "Wellness Measure 0.66809104", "size": 0.66809104}]}, {"name": "WC013", "children": [{"name": "Financial Measure 0.9997793567", "size": 0.9997793567000001}, {"name": "Wellness Measure 0.698942586", "size": 0.6989425859999999}]}, {"name": "WC014", "children": [{"name": "Financial Measure 0.9998851297", "size": 0.9998851297}, {"name": "Wellness Measure 0.706038112", "size": 0.706038112}]}, {"name": "WC015", "children": [{"name": "Financial Measure 0.9998236576", "size": 0.9998236576}, {"name": "Wellness Measure 0.70615472", "size": 0.70615472}]}, {"name": "WC022", "children": [{"name": "Financial Measure 0.9999315118", "size": 0.9999315118000001}, {"name": "Wellness Measure 0.692917136", "size": 0.6929171359999999}]}, {"name": "WC023", "children": [{"name": "Financial Measure 0.999911638", "size": 0.9999116379999999}, {"name": "Wellness Measure 0.711611217", "size": 0.7116112170000001}]}, {"name": "WC024", "children": [{"name": "Financial Measure 0.9998724616", "size": 0.9998724616}, {"name": "Wellness Measure 0.71095056", "size": 0.71095056}]}, {"name": "WC025", "children": [{"name": "Financial Measure 0.9999314101", "size": 0.9999314101000001}, {"name": "Wellness Measure 0.695228025", "size": 0.695228025}]}, {"name": "WC026", "children": [{"name": "Financial Measure 0.9999253555", "size": 0.9999253555}, {"name": "Wellness Measure 0.702217557", "size": 0.702217557}]}, {"name": "WC031", "children": [{"name": "Financial Measure 0.9993254378", "size": 0.9993254378}, {"name": "Wellness Measure 0.655016752", "size": 0.655016752}]}, {"name": "WC032", "children": [{"name": "Financial Measure 0.9999195822", "size": 0.9999195822}, {"name": "Wellness Measure 0.626021046", "size": 0.626021046}]}, {"name": "WC033", "children": [{"name": "Financial Measure 0.9996659957", "size": 0.9996659956999999}, {"name": "Wellness Measure 0.703267611", "size": 0.7032676109999999}]}, {"name": "WC034", "children": [{"name": "Financial Measure 0.9997038481", "size": 0.9997038481}, {"name": "Wellness Measure 0.674111907", "size": 0.674111907}]}, {"name": "WC041", "children": [{"name": "Financial Measure 0.9984860339", "size": 0.9984860339}, {"name": "Wellness Measure 0.631654533", "size": 0.631654533}]}, {"name": "WC042", "children": [{"name": "Financial Measure 0.999727339", "size": 0.9997273390000001}, {"name": "Wellness Measure 0.695660203", "size": 0.695660203}]}, {"name": "WC043", "children": [{"name": "Financial Measure 0.9993360836", "size": 0.9993360836}, {"name": "Wellness Measure 0.69930204", "size": 0.69930204}]}, {"name": "WC044", "children": [{"name": "Financial Measure 0.9998158473", "size": 0.9998158473000001}, {"name": "Wellness Measure 0.690510268", "size": 0.6905102679999999}]}, {"name": "WC045", "children": [{"name": "Financial Measure 0.9990279205", "size": 0.9990279205}, {"name": "Wellness Measure 0.625167729", "size": 0.625167729}]}, {"name": "WC047", "children": [{"name": "Financial Measure 0.9994254835", "size": 0.9994254834999999}, {"name": "Wellness Measure 0.678165846", "size": 0.678165846}]}, {"name": "WC048", "children": [{"name": "Financial Measure 0.9986038868", "size": 0.9986038868000001}, {"name": "Wellness Measure 0.608490934", "size": 0.608490934}]}, {"name": "WC051", "children": [{"name": "Financial Measure 0.9974854054", "size": 0.9974854054000001}, {"name": "Wellness Measure 0.69450831", "size": 0.69450831}]}, {"name": "WC052", "children": [{"name": "Financial Measure 0.9991679094", "size": 0.9991679094}, {"name": "Wellness Measure 0.654090735", "size": 0.654090735}]}, {"name": "WC053", "children": [{"name": "Financial Measure 0.9994464642", "size": 0.9994464642}, {"name": "Wellness Measure 0.714880049", "size": 0.714880049}]}]}, {"name": 2, "children": [{"name": "DC12", "children": [{"name": "Financial Measure 0.9996929722", "size": 0.9996929722}, {"name": "Wellness Measure 0.258010173", "size": 0.258010173}]}, {"name": "DC13", "children": [{"name": "Financial Measure 0.998932759", "size": 0.9989327590000001}, {"name": "Wellness Measure 0.382382194", "size": 0.382382194}]}, {"name": "DC14", "children": [{"name": "Financial Measure 0.9999259463", "size": 0.9999259463}, {"name": "Wellness Measure 0.337836395", "size": 0.337836395}]}, {"name": "DC15", "children": [{"name": "Financial Measure 0.8290818503", "size": 0.8290818503}, {"name": "Wellness Measure 0.17373136", "size": 0.17373136}]}, {"name": "DC21", "children": [{"name": "Financial Measure 0.9992596959", "size": 0.9992596959000001}, {"name": "Wellness Measure 0.287873448", "size": 0.28787344800000003}]}, {"name": "DC23", "children": [{"name": "Financial Measure 0.9983724624", "size": 0.9983724624}, {"name": "Wellness Measure 0.328014519", "size": 0.328014519}]}, {"name": "DC24", "children": [{"name": "Financial Measure 0.9993122819", "size": 0.9993122819}, {"name": "Wellness Measure 0.235772549", "size": 0.235772549}]}, {"name": "DC26", "children": [{"name": "Financial Measure 0.9999640086", "size": 0.9999640086}, {"name": "Wellness Measure 0.308937344", "size": 0.308937344}]}, {"name": "DC27", "children": [{"name": "Financial Measure 0.9955725654", "size": 0.9955725654}, {"name": "Wellness Measure 0.175245324", "size": 0.17524532399999998}]}, {"name": "DC28", "children": [{"name": "Financial Measure 1.0", "size": 1.0}, {"name": "Wellness Measure 0.398295342", "size": 0.39829534200000005}]}, {"name": "DC29", "children": [{"name": "Financial Measure 0.9997731193", "size": 0.9997731193000001}, {"name": "Wellness Measure 0.324697388", "size": 0.32469738800000003}]}, {"name": "DC32", "children": [{"name": "Financial Measure 0.9999917117", "size": 0.9999917117}, {"name": "Wellness Measure 0.386202841", "size": 0.386202841}]}, {"name": "DC33", "children": [{"name": "Financial Measure 0.9992820759", "size": 0.9992820759000001}, {"name": "Wellness Measure 0.242002535", "size": 0.242002535}]}, {"name": "DC34", "children": [{"name": "Financial Measure 0.9952343536", "size": 0.9952343536}, {"name": "Wellness Measure 0.231448872", "size": 0.231448872}]}, {"name": "DC35", "children": [{"name": "Financial Measure 0.9997910152", "size": 0.9997910151999999}, {"name": "Wellness Measure 0.403480151", "size": 0.403480151}]}, {"name": "DC36", "children": [{"name": "Financial Measure 0.9999586018", "size": 0.9999586018000001}, {"name": "Wellness Measure 0.439222902", "size": 0.439222902}]}, {"name": "DC37", "children": [{"name": "Financial Measure 0.9994526523", "size": 0.9994526523}, {"name": "Wellness Measure 0.478888832", "size": 0.47888883200000004}]}, {"name": "DC38", "children": [{"name": "Financial Measure 0.9983422218", "size": 0.9983422218000001}, {"name": "Wellness Measure 0.39875261", "size": 0.39875261}]}, {"name": "DC39", "children": [{"name": "Financial Measure 0.9974389931", "size": 0.9974389931000001}, {"name": "Wellness Measure 0.374978439", "size": 0.374978439}]}, {"name": "DC43", "children": [{"name": "Financial Measure 0.9969124022", "size": 0.9969124022}, {"name": "Wellness Measure 0.214061281", "size": 0.21406128100000002}]}, {"name": "DC44", "children": [{"name": "Financial Measure 0.9987656701", "size": 0.9987656701000001}, {"name": "Wellness Measure 0.134247986", "size": 0.13424798599999999}]}, {"name": "DC45", "children": [{"name": "Financial Measure 0.9992461622", "size": 0.9992461622}, {"name": "Wellness Measure 0.380493247", "size": 0.38049324700000003}]}, {"name": "DC47", "children": [{"name": "Financial Measure 0.9986843099", "size": 0.9986843098999999}, {"name": "Wellness Measure 0.226523933", "size": 0.226523933}]}, {"name": "EC121", "children": [{"name": "Financial Measure 0.9993811961", "size": 0.9993811961}, {"name": "Wellness Measure 0.155085974", "size": 0.15508597400000002}]}, {"name": "EC122", "children": [{"name": "Financial Measure 0.998503767", "size": 0.998503767}, {"name": "Wellness Measure 0.276328599", "size": 0.276328599}]}, {"name": "EC123", "children": [{"name": "Financial Measure 0.9960571481", "size": 0.9960571481}, {"name": "Wellness Measure 0.345310779", "size": 0.345310779}]}, {"name": "EC124", "children": [{"name": "Financial Measure 0.9990738145", "size": 0.9990738145}, {"name": "Wellness Measure 0.359025174", "size": 0.359025174}]}, {"name": "EC126", "children": [{"name": "Financial Measure 0.997798341", "size": 0.997798341}, {"name": "Wellness Measure 0.289735039", "size": 0.28973503899999997}]}, {"name": "EC127", "children": [{"name": "Financial Measure 0.9995339486", "size": 0.9995339486}, {"name": "Wellness Measure 0.451123468", "size": 0.45112346799999997}]}, {"name": "EC132", "children": [{"name": "Financial Measure 0.9992904561", "size": 0.9992904561}, {"name": "Wellness Measure 0.384912516", "size": 0.38491251600000004}]}, {"name": "EC135", "children": [{"name": "Financial Measure 0.9982621059", "size": 0.9982621059000001}, {"name": "Wellness Measure 0.18635603", "size": 0.18635603}]}, {"name": "EC136", "children": [{"name": "Financial Measure 0.9981471878", "size": 0.9981471878}, {"name": "Wellness Measure 0.313629254", "size": 0.31362925399999997}]}, {"name": "EC137", "children": [{"name": "Financial Measure 0.9986136728", "size": 0.9986136728}, {"name": "Wellness Measure 0.16408711", "size": 0.16408711}]}, {"name": "EC138", "children": [{"name": "Financial Measure 0.9980677589", "size": 0.9980677589}, {"name": "Wellness Measure 0.344471991", "size": 0.34447199100000003}]}, {"name": "EC141", "children": [{"name": "Financial Measure 0.9994670533", "size": 0.9994670533}, {"name": "Wellness Measure 0.159923441", "size": 0.159923441}]}, {"name": "EC142", "children": [{"name": "Financial Measure 0.9999342845", "size": 0.9999342845}, {"name": "Wellness Measure 0.330145882", "size": 0.330145882}]}, {"name": "EC153", "children": [{"name": "Financial Measure 0.9999961734", "size": 0.9999961734}, {"name": "Wellness Measure 0.111577542", "size": 0.11157754199999999}]}, {"name": "EC154", "children": [{"name": "Financial Measure 0.9991273503", "size": 0.9991273503}, {"name": "Wellness Measure 0.112760027", "size": 0.112760027}]}, {"name": "EC155", "children": [{"name": "Financial Measure 0.9993193875", "size": 0.9993193875}, {"name": "Wellness Measure 0.131812775", "size": 0.131812775}]}, {"name": "EC156", "children": [{"name": "Financial Measure 0.9971226337", "size": 0.9971226337000001}, {"name": "Wellness Measure 0.150628273", "size": 0.150628273}]}, {"name": "EC157", "children": [{"name": "Financial Measure 0.9986743083", "size": 0.9986743083}, {"name": "Wellness Measure 0.292425125", "size": 0.292425125}]}, {"name": "EC441", "children": [{"name": "Financial Measure 0.9998339761", "size": 0.9998339761}, {"name": "Wellness Measure 0.207467727", "size": 0.207467727}]}, {"name": "EC442", "children": [{"name": "Financial Measure 0.9957473862", "size": 0.9957473862}, {"name": "Wellness Measure 0.163978758", "size": 0.163978758}]}, {"name": "EC443", "children": [{"name": "Financial Measure 0.9997341376", "size": 0.9997341376000001}, {"name": "Wellness Measure 0.092283048", "size": 0.092283048}]}, {"name": "EC444", "children": [{"name": "Financial Measure 0.998090979", "size": 0.9980909790000001}, {"name": "Wellness Measure 0.086652323", "size": 0.086652323}]}, {"name": "KZN211", "children": [{"name": "Financial Measure 0.998798721", "size": 0.9987987209999999}, {"name": "Wellness Measure 0.137627185", "size": 0.137627185}]}, {"name": "KZN212", "children": [{"name": "Financial Measure 0.9995769166", "size": 0.9995769165999999}, {"name": "Wellness Measure 0.423631368", "size": 0.42363136799999995}]}, {"name": "KZN213", "children": [{"name": "Financial Measure 0.9994904517", "size": 0.9994904517000001}, {"name": "Wellness Measure 0.163696435", "size": 0.163696435}]}, {"name": "KZN214", "children": [{"name": "Financial Measure 0.9995002317", "size": 0.9995002317}, {"name": "Wellness Measure 0.195796584", "size": 0.195796584}]}, {"name": "KZN215", "children": [{"name": "Financial Measure 0.9995197256", "size": 0.9995197256}, {"name": "Wellness Measure 0.230456816", "size": 0.230456816}]}, {"name": "KZN216", "children": [{"name": "Financial Measure 0.999778157", "size": 0.9997781570000001}, {"name": "Wellness Measure 0.40163107", "size": 0.40163107}]}, {"name": "KZN221", "children": [{"name": "Financial Measure 0.9998921347", "size": 0.9998921346999999}, {"name": "Wellness Measure 0.34780786", "size": 0.34780786}]}, {"name": "KZN223", "children": [{"name": "Financial Measure 0.9991665061", "size": 0.9991665061}, {"name": "Wellness Measure 0.396058203", "size": 0.396058203}]}, {"name": "KZN224", "children": [{"name": "Financial Measure 0.9998995935", "size": 0.9998995934999999}, {"name": "Wellness Measure 0.269331163", "size": 0.269331163}]}, {"name": "KZN226", "children": [{"name": "Financial Measure 0.9998318155", "size": 0.9998318155}, {"name": "Wellness Measure 0.318003798", "size": 0.318003798}]}, {"name": "KZN227", "children": [{"name": "Financial Measure 0.9998426886", "size": 0.9998426886}, {"name": "Wellness Measure 0.308575322", "size": 0.308575322}]}, {"name": "KZN232", "children": [{"name": "Financial Measure 0.9999588242", "size": 0.9999588242}, {"name": "Wellness Measure 0.464493907", "size": 0.46449390700000004}]}, {"name": "KZN233", "children": [{"name": "Financial Measure 0.9992325905", "size": 0.9992325905}, {"name": "Wellness Measure 0.267951237", "size": 0.267951237}]}, {"name": "KZN234", "children": [{"name": "Financial Measure 0.9996888237", "size": 0.9996888237}, {"name": "Wellness Measure 0.393888628", "size": 0.39388862799999996}]}, {"name": "KZN235", "children": [{"name": "Financial Measure 0.9993370342", "size": 0.9993370342}, {"name": "Wellness Measure 0.223229441", "size": 0.22322944100000003}]}, {"name": "KZN236", "children": [{"name": "Financial Measure 0.9984740101", "size": 0.9984740101}, {"name": "Wellness Measure 0.168681049", "size": 0.16868104899999997}]}, {"name": "KZN242", "children": [{"name": "Financial Measure 0.9999196105", "size": 0.9999196105}, {"name": "Wellness Measure 0.230998403", "size": 0.23099840300000002}]}, {"name": "KZN244", "children": [{"name": "Financial Measure 0.9988804932", "size": 0.9988804931999999}, {"name": "Wellness Measure 0.108787589", "size": 0.108787589}]}, {"name": "KZN245", "children": [{"name": "Financial Measure 0.9998594701", "size": 0.9998594701000001}, {"name": "Wellness Measure 0.237195056", "size": 0.23719505600000002}]}, {"name": "KZN253", "children": [{"name": "Financial Measure 0.9998305408", "size": 0.9998305408}, {"name": "Wellness Measure 0.226222423", "size": 0.226222423}]}, {"name": "KZN254", "children": [{"name": "Financial Measure 0.9997330519", "size": 0.9997330519}, {"name": "Wellness Measure 0.319387383", "size": 0.319387383}]}, {"name": "KZN261", "children": [{"name": "Financial Measure 0.9966569645", "size": 0.9966569645000001}, {"name": "Wellness Measure 0.290111406", "size": 0.290111406}]}, {"name": "KZN262", "children": [{"name": "Financial Measure 0.9990769352", "size": 0.9990769352}, {"name": "Wellness Measure 0.303892511", "size": 0.30389251100000003}]}, {"name": "KZN263", "children": [{"name": "Financial Measure 0.9996073413", "size": 0.9996073413}, {"name": "Wellness Measure 0.429414515", "size": 0.429414515}]}, {"name": "KZN265", "children": [{"name": "Financial Measure 0.9988118205", "size": 0.9988118205}, {"name": "Wellness Measure 0.250833701", "size": 0.250833701}]}, {"name": "KZN266", "children": [{"name": "Financial Measure 0.999448887", "size": 0.999448887}, {"name": "Wellness Measure 0.318480203", "size": 0.318480203}]}, {"name": "KZN271", "children": [{"name": "Financial Measure 0.9979130049", "size": 0.9979130048999999}, {"name": "Wellness Measure 0.113605052", "size": 0.113605052}]}, {"name": "KZN272", "children": [{"name": "Financial Measure 0.9977062943", "size": 0.9977062943}, {"name": "Wellness Measure 0.155775646", "size": 0.155775646}]}, {"name": "KZN273", "children": [{"name": "Financial Measure 0.9993040265", "size": 0.9993040265}, {"name": "Wellness Measure 0.204504908", "size": 0.204504908}]}, {"name": "KZN274", "children": [{"name": "Financial Measure 0.9975823276", "size": 0.9975823276000001}, {"name": "Wellness Measure 0.18346862", "size": 0.18346862}]}, {"name": "KZN275", "children": [{"name": "Financial Measure 0.998830342", "size": 0.998830342}, {"name": "Wellness Measure 0.307443353", "size": 0.30744335300000003}]}, {"name": "KZN281", "children": [{"name": "Financial Measure 0.9981006708", "size": 0.9981006708}, {"name": "Wellness Measure 0.318850782", "size": 0.318850782}]}, {"name": "KZN283", "children": [{"name": "Financial Measure 0.9999650759", "size": 0.9999650759}, {"name": "Wellness Measure 0.195505988", "size": 0.19550598800000002}]}, {"name": "KZN284", "children": [{"name": "Financial Measure 0.9994055476", "size": 0.9994055476}, {"name": "Wellness Measure 0.266423736", "size": 0.266423736}]}, {"name": "KZN285", "children": [{"name": "Financial Measure 0.9991609875", "size": 0.9991609875}, {"name": "Wellness Measure 0.269725849", "size": 0.26972584899999996}]}, {"name": "KZN286", "children": [{"name": "Financial Measure 0.998243382", "size": 0.9982433820000001}, {"name": "Wellness Measure 0.217430866", "size": 0.21743086600000003}]}, {"name": "KZN291", "children": [{"name": "Financial Measure 0.9996290993", "size": 0.9996290993000001}, {"name": "Wellness Measure 0.381279343", "size": 0.381279343}]}, {"name": "KZN292", "children": [{"name": "Financial Measure 0.9997639359", "size": 0.9997639359}, {"name": "Wellness Measure 0.432518184", "size": 0.43251818399999997}]}, {"name": "KZN293", "children": [{"name": "Financial Measure 0.9995769504", "size": 0.9995769504}, {"name": "Wellness Measure 0.209517717", "size": 0.209517717}]}, {"name": "KZN294", "children": [{"name": "Financial Measure 0.9980695078", "size": 0.9980695078}, {"name": "Wellness Measure 0.137163337", "size": 0.137163337}]}, {"name": "KZN431", "children": [{"name": "Financial Measure 0.9995283024", "size": 0.9995283023999999}, {"name": "Wellness Measure 0.153395638", "size": 0.153395638}]}, {"name": "KZN432", "children": [{"name": "Financial Measure 0.9980414817", "size": 0.9980414817000001}, {"name": "Wellness Measure 0.338949879", "size": 0.338949879}]}, {"name": "KZN434", "children": [{"name": "Financial Measure 0.9999505613", "size": 0.9999505612999999}, {"name": "Wellness Measure 0.129693148", "size": 0.129693148}]}, {"name": "KZN435", "children": [{"name": "Financial Measure 0.9998075662", "size": 0.9998075662}, {"name": "Wellness Measure 0.164096014", "size": 0.164096014}]}, {"name": "LIM331", "children": [{"name": "Financial Measure 0.9997415526", "size": 0.9997415526000001}, {"name": "Wellness Measure 0.190041147", "size": 0.190041147}]}, {"name": "LIM332", "children": [{"name": "Financial Measure 0.9983600024", "size": 0.9983600024}, {"name": "Wellness Measure 0.212933092", "size": 0.212933092}]}, {"name": "LIM333", "children": [{"name": "Financial Measure 0.9995336951", "size": 0.9995336951}, {"name": "Wellness Measure 0.270043402", "size": 0.270043402}]}, {"name": "LIM334", "children": [{"name": "Financial Measure 0.9992491703", "size": 0.9992491703}, {"name": "Wellness Measure 0.466992056", "size": 0.466992056}]}, {"name": "LIM335", "children": [{"name": "Financial Measure 0.9993186638", "size": 0.9993186638}, {"name": "Wellness Measure 0.188822688", "size": 0.18882268800000002}]}, {"name": "LIM342", "children": [{"name": "Financial Measure 0.9992615856", "size": 0.9992615856}, {"name": "Wellness Measure 0.115007101", "size": 0.115007101}]}, {"name": "LIM343", "children": [{"name": "Financial Measure 0.9998778978", "size": 0.9998778978}, {"name": "Wellness Measure 0.239445889", "size": 0.239445889}]}, {"name": "LIM344", "children": [{"name": "Financial Measure 0.9992934428", "size": 0.9992934428}, {"name": "Wellness Measure 0.227599913", "size": 0.22759991300000001}]}, {"name": "LIM351", "children": [{"name": "Financial Measure 0.9993369468", "size": 0.9993369468000001}, {"name": "Wellness Measure 0.196902993", "size": 0.196902993}]}, {"name": "LIM352", "children": [{"name": "Financial Measure 0.9994641921", "size": 0.9994641920999999}, {"name": "Wellness Measure 0.303450573", "size": 0.303450573}]}, {"name": "LIM353", "children": [{"name": "Financial Measure 0.9995549223", "size": 0.9995549223000001}, {"name": "Wellness Measure 0.359514975", "size": 0.359514975}]}, {"name": "LIM354", "children": [{"name": "Financial Measure 0.9991441055", "size": 0.9991441055}, {"name": "Wellness Measure 0.489700904", "size": 0.489700904}]}, {"name": "LIM355", "children": [{"name": "Financial Measure 0.9988990269", "size": 0.9988990269}, {"name": "Wellness Measure 0.320057987", "size": 0.320057987}]}, {"name": "LIM362", "children": [{"name": "Financial Measure 0.9996223145", "size": 0.9996223145}, {"name": "Wellness Measure 0.427335483", "size": 0.42733548299999996}]}, {"name": "LIM367", "children": [{"name": "Financial Measure 0.9994705385", "size": 0.9994705384999999}, {"name": "Wellness Measure 0.355437846", "size": 0.355437846}]}, {"name": "LIM471", "children": [{"name": "Financial Measure 0.9982043746", "size": 0.9982043745999999}, {"name": "Wellness Measure 0.298786259", "size": 0.298786259}]}, {"name": "LIM472", "children": [{"name": "Financial Measure 0.996982694", "size": 0.9969826940000001}, {"name": "Wellness Measure 0.305943266", "size": 0.305943266}]}, {"name": "LIM473", "children": [{"name": "Financial Measure 0.9997318532", "size": 0.9997318531999999}, {"name": "Wellness Measure 0.205748266", "size": 0.205748266}]}, {"name": "LIM474", "children": [{"name": "Financial Measure 0.9997925184", "size": 0.9997925184}, {"name": "Wellness Measure 0.220378493", "size": 0.220378493}]}, {"name": "LIM475", "children": [{"name": "Financial Measure 0.9979169971", "size": 0.9979169970999999}, {"name": "Wellness Measure 0.214294231", "size": 0.214294231}]}, {"name": "MP301", "children": [{"name": "Financial Measure 0.9986071267", "size": 0.9986071267000001}, {"name": "Wellness Measure 0.353657969", "size": 0.35365796899999996}]}, {"name": "MP303", "children": [{"name": "Financial Measure 0.9988618796", "size": 0.9988618796}, {"name": "Wellness Measure 0.336702693", "size": 0.336702693}]}, {"name": "MP304", "children": [{"name": "Financial Measure 0.9990538714", "size": 0.9990538714}, {"name": "Wellness Measure 0.487936867", "size": 0.48793686700000005}]}, {"name": "MP315", "children": [{"name": "Financial Measure 0.9990330383", "size": 0.9990330383}, {"name": "Wellness Measure 0.472269614", "size": 0.472269614}]}, {"name": "MP316", "children": [{"name": "Financial Measure 0.9995157324", "size": 0.9995157323999999}, {"name": "Wellness Measure 0.399915125", "size": 0.399915125}]}, {"name": "MP322", "children": [{"name": "Financial Measure 0.9997790509", "size": 0.9997790509000001}, {"name": "Wellness Measure 0.474942701", "size": 0.474942701}]}, {"name": "MP324", "children": [{"name": "Financial Measure 0.9989147243", "size": 0.9989147243000001}, {"name": "Wellness Measure 0.353594572", "size": 0.35359457200000005}]}, {"name": "MP325", "children": [{"name": "Financial Measure 0.9969210928", "size": 0.9969210928}, {"name": "Wellness Measure 0.277435283", "size": 0.27743528300000003}]}, {"name": "NC451", "children": [{"name": "Financial Measure 0.9989753745", "size": 0.9989753745000001}, {"name": "Wellness Measure 0.16135296", "size": 0.16135296}]}, {"name": "NC452", "children": [{"name": "Financial Measure 0.9990976153", "size": 0.9990976153}, {"name": "Wellness Measure 0.371632322", "size": 0.371632322}]}, {"name": "NW371", "children": [{"name": "Financial Measure 0.9987661258", "size": 0.9987661258}, {"name": "Wellness Measure 0.399557094", "size": 0.399557094}]}, {"name": "NW372", "children": [{"name": "Financial Measure 0.9987753788", "size": 0.9987753788}, {"name": "Wellness Measure 0.482167728", "size": 0.48216772799999996}]}, {"name": "NW375", "children": [{"name": "Financial Measure 0.9979424489", "size": 0.9979424489000001}, {"name": "Wellness Measure 0.377500789", "size": 0.377500789}]}, {"name": "NW381", "children": [{"name": "Financial Measure 0.9991104761", "size": 0.9991104761}, {"name": "Wellness Measure 0.179427048", "size": 0.179427048}]}, {"name": "NW382", "children": [{"name": "Financial Measure 0.9988047378", "size": 0.9988047378}, {"name": "Wellness Measure 0.415321375", "size": 0.415321375}]}, {"name": "NW383", "children": [{"name": "Financial Measure 0.9987072949", "size": 0.9987072949}, {"name": "Wellness Measure 0.436914872", "size": 0.436914872}]}, {"name": "NW384", "children": [{"name": "Financial Measure 0.9996683405", "size": 0.9996683405}, {"name": "Wellness Measure 0.491269076", "size": 0.491269076}]}, {"name": "NW385", "children": [{"name": "Financial Measure 0.749236893", "size": 0.749236893}, {"name": "Wellness Measure 0.356733321", "size": 0.356733321}]}, {"name": "NW394", "children": [{"name": "Financial Measure 0.9989249146", "size": 0.9989249145999999}, {"name": "Wellness Measure 0.266046004", "size": 0.266046004}]}, {"name": "NW397", "children": [{"name": "Financial Measure 0.9993329131", "size": 0.9993329131}, {"name": "Wellness Measure 0.242138472", "size": 0.242138472}]}, {"name": "NW401", "children": [{"name": "Financial Measure 0.9974766172", "size": 0.9974766172}, {"name": "Wellness Measure 0.465944808", "size": 0.465944808}]}]}]}