{"name": "flare", "children": [{"name": 1, "children": [{"name": "BUF", "children": [{"name": "Financial Measure 1.0620367431", "size": 1.0620367431}, {"name": "Wellness Measure 0.3556953339", "size": 0.3556953339}]}, {"name": "CPT", "children": [{"name": "Financial Measure 1.0725932078", "size": 1.0725932078}, {"name": "Wellness Measure 1.1412750924", "size": 1.1412750924}]}, {"name": "EC101", "children": [{"name": "Financial Measure 1.072654693", "size": 1.072654693}, {"name": "Wellness Measure 1.2119534698", "size": 1.2119534698}]}, {"name": "EC102", "children": [{"name": "Financial Measure 1.0605244482", "size": 1.0605244482}, {"name": "Wellness Measure 0.9003235755", "size": 0.9003235755}]}, {"name": "EC103", "children": [{"name": "Financial Measure 1.0080501885", "size": 1.0080501885}, {"name": "Wellness Measure 0.9226856551", "size": 0.9226856551}]}, {"name": "EC104", "children": [{"name": "Financial Measure 1.0706435492", "size": 1.0706435492}, {"name": "Wellness Measure 0.7397624952", "size": 0.7397624951999999}]}, {"name": "EC105", "children": [{"name": "Financial Measure 1.0308465962", "size": 1.0308465962}, {"name": "Wellness Measure 0.2892868978", "size": 0.2892868978}]}, {"name": "EC106", "children": [{"name": "Financial Measure 1.0439738447", "size": 1.0439738447}, {"name": "Wellness Measure 0.2706625919", "size": 0.2706625919}]}, {"name": "EC107", "children": [{"name": "Financial Measure 1.0533074536", "size": 1.0533074536}, {"name": "Wellness Measure 0.585635512", "size": 0.5856355120000001}]}, {"name": "EC108", "children": [{"name": "Financial Measure 1.0402745785", "size": 1.0402745785}, {"name": "Wellness Measure 0.7748986373", "size": 0.7748986373000001}]}, {"name": "EC109", "children": [{"name": "Financial Measure 1.0234525871", "size": 1.0234525871}, {"name": "Wellness Measure 0.7381720723", "size": 0.7381720723}]}, {"name": "EC128", "children": [{"name": "Financial Measure 1.0708741221", "size": 1.0708741221}, {"name": "Wellness Measure 0.476203136", "size": 0.476203136}]}, {"name": "EC131", "children": [{"name": "Financial Measure 1.0697613401", "size": 1.0697613401}, {"name": "Wellness Measure 1.0280622407", "size": 1.0280622407}]}, {"name": "EC133", "children": [{"name": "Financial Measure 1.0397907916", "size": 1.0397907916}, {"name": "Wellness Measure 0.5745774255", "size": 0.5745774255}]}, {"name": "EC134", "children": [{"name": "Financial Measure 1.0664294493", "size": 1.0664294493000002}, {"name": "Wellness Measure 0.1411240089", "size": 0.1411240089}]}, {"name": "EC143", "children": [{"name": "Financial Measure 1.0362244949", "size": 1.0362244949}, {"name": "Wellness Measure 0.4281164544", "size": 0.4281164544}]}, {"name": "EC144", "children": [{"name": "Financial Measure 1.0087800923", "size": 1.0087800923}, {"name": "Wellness Measure 0.4922392935", "size": 0.4922392935}]}, {"name": "EKU", "children": [{"name": "Financial Measure 1.0708257552", "size": 1.0708257552}, {"name": "Wellness Measure 1.1402618638", "size": 1.1402618638}]}, {"name": "ETH", "children": [{"name": "Financial Measure 1.0680796453", "size": 1.0680796453}, {"name": "Wellness Measure 0.89007382", "size": 0.89007382}]}, {"name": "FS161", "children": [{"name": "Financial Measure 1.0226094538", "size": 1.0226094538}, {"name": "Wellness Measure 0.8492663674", "size": 0.8492663673999999}]}, {"name": "FS162", "children": [{"name": "Financial Measure 0.9878992199", "size": 0.9878992199}, {"name": "Wellness Measure 0.8989486002", "size": 0.8989486002}]}, {"name": "FS163", "children": [{"name": "Financial Measure 1.0139697421", "size": 1.0139697421}, {"name": "Wellness Measure 0.3919049092", "size": 0.3919049092}]}, {"name": "FS164", "children": [{"name": "Financial Measure 1.0255544858", "size": 1.0255544858}, {"name": "Wellness Measure 0.7904564575", "size": 0.7904564575}]}, {"name": "FS181", "children": [{"name": "Financial Measure 0.9622679805", "size": 0.9622679805}, {"name": "Wellness Measure 0.7700220739", "size": 0.7700220739}]}, {"name": "FS182", "children": [{"name": "Financial Measure 1.0176320653", "size": 1.0176320653}, {"name": "Wellness Measure 0.1412712604", "size": 0.1412712604}]}, {"name": "FS183", "children": [{"name": "Financial Measure 1.0684378285", "size": 1.0684378285}, {"name": "Wellness Measure 0.9386099113", "size": 0.9386099113}]}, {"name": "FS184", "children": [{"name": "Financial Measure 0.9504277539", "size": 0.9504277539}, {"name": "Wellness Measure 1.0231434292", "size": 1.0231434292}]}, {"name": "FS185", "children": [{"name": "Financial Measure 1.072654693", "size": 1.072654693}, {"name": "Wellness Measure 0.7071272707", "size": 0.7071272706999999}]}, {"name": "FS191", "children": [{"name": "Financial Measure 1.0678536654", "size": 1.0678536654000002}, {"name": "Wellness Measure 0.3643035047", "size": 0.3643035047}]}, {"name": "FS192", "children": [{"name": "Financial Measure 1.0563298176", "size": 1.0563298176}, {"name": "Wellness Measure 0.5784350773", "size": 0.5784350773}]}, {"name": "FS193", "children": [{"name": "Financial Measure 1.0562660131", "size": 1.0562660131}, {"name": "Wellness Measure 0.4718172867", "size": 0.4718172867}]}, {"name": "FS194", "children": [{"name": "Financial Measure 1.0722238406", "size": 1.0722238406}, {"name": "Wellness Measure 0.060617105", "size": 0.060617105}]}, {"name": "FS195", "children": [{"name": "Financial Measure 1.0135248092", "size": 1.0135248092}, {"name": "Wellness Measure 0.2452153463", "size": 0.2452153463}]}, {"name": "FS196", "children": [{"name": "Financial Measure 1.0630506029", "size": 1.0630506029}, {"name": "Wellness Measure 0.4981744419", "size": 0.4981744419}]}, {"name": "FS201", "children": [{"name": "Financial Measure 1.0614998608", "size": 1.0614998608}, {"name": "Wellness Measure 1.0715287492", "size": 1.0715287492}]}, {"name": "FS203", "children": [{"name": "Financial Measure 1.0694647791", "size": 1.0694647791}, {"name": "Wellness Measure 0.911831056", "size": 0.911831056}]}, {"name": "FS204", "children": [{"name": "Financial Measure 1.058983955", "size": 1.058983955}, {"name": "Wellness Measure 1.0680974819", "size": 1.0680974819}]}, {"name": "FS205", "children": [{"name": "Financial Measure 1.0576806172", "size": 1.0576806172}, {"name": "Wellness Measure 0.7735125142", "size": 0.7735125142}]}, {"name": "GT421", "children": [{"name": "Financial Measure 1.0724631954", "size": 1.0724631954}, {"name": "Wellness Measure 1.4796649516", "size": 1.4796649516}]}, {"name": "GT422", "children": [{"name": "Financial Measure 1.072654693", "size": 1.072654693}, {"name": "Wellness Measure 0.9089040646", "size": 0.9089040646}]}, {"name": "GT423", "children": [{"name": "Financial Measure 1.0705110721", "size": 1.0705110721}, {"name": "Wellness Measure 1.0296162141", "size": 1.0296162141}]}, {"name": "GT481", "children": [{"name": "Financial Measure 1.0659228056", "size": 1.0659228056}, {"name": "Wellness Measure 1.2561169223", "size": 1.2561169223}]}, {"name": "GT482", "children": [{"name": "Financial Measure 1.0655053001", "size": 1.0655053001}, {"name": "Wellness Measure 1.0196269092", "size": 1.0196269092}]}, {"name": "GT483", "children": [{"name": "Financial Measure 1.0639360495", "size": 1.0639360495}, {"name": "Wellness Measure 0.4959273237", "size": 0.4959273237}]}, {"name": "GT484", "children": [{"name": "Financial Measure 1.0723215968", "size": 1.0723215968000002}, {"name": "Wellness Measure 0.9070693993", "size": 0.9070693993}]}, {"name": "JHB", "children": [{"name": "Financial Measure 1.068498819", "size": 1.068498819}, {"name": "Wellness Measure 1.407267244", "size": 1.407267244}]}, {"name": "KZN222", "children": [{"name": "Financial Measure 1.072654693", "size": 1.072654693}, {"name": "Wellness Measure 0.8465832747", "size": 0.8465832746999999}]}, {"name": "KZN225", "children": [{"name": "Financial Measure 1.0713139223", "size": 1.0713139223}, {"name": "Wellness Measure 0.7770674891", "size": 0.7770674891}]}, {"name": "KZN241", "children": [{"name": "Financial Measure 1.0675421845", "size": 1.0675421845}, {"name": "Wellness Measure 0.5548379405", "size": 0.5548379405}]}, {"name": "KZN252", "children": [{"name": "Financial Measure 1.0708649097", "size": 1.0708649097}, {"name": "Wellness Measure 0.6164777007", "size": 0.6164777007}]}, {"name": "KZN282", "children": [{"name": "Financial Measure 1.072654693", "size": 1.072654693}, {"name": "Wellness Measure 0.6945159007", "size": 0.6945159006999999}]}, {"name": "KZN433", "children": [{"name": "Financial Measure 1.0461539247", "size": 1.0461539247}, {"name": "Wellness Measure 0.1183197722", "size": 0.1183197722}]}, {"name": "LIM334", "children": [{"name": "Financial Measure 1.0423998449", "size": 1.0423998449}, {"name": "Wellness Measure 0.1265456559", "size": 0.1265456559}]}, {"name": "LIM341", "children": [{"name": "Financial Measure 1.024578766", "size": 1.024578766}, {"name": "Wellness Measure 0.4662506113", "size": 0.4662506113}]}, {"name": "LIM354", "children": [{"name": "Financial Measure 1.050551662", "size": 1.050551662}, {"name": "Wellness Measure 0.1184372118", "size": 0.1184372118}]}, {"name": "LIM361", "children": [{"name": "Financial Measure 0.9867637404", "size": 0.9867637404}, {"name": "Wellness Measure 0.6248681993", "size": 0.6248681993}]}, {"name": "LIM364", "children": [{"name": "Financial Measure 1.0626561679", "size": 1.0626561679000002}, {"name": "Wellness Measure 0.5825817062", "size": 0.5825817061999999}]}, {"name": "LIM365", "children": [{"name": "Financial Measure 1.0602306578", "size": 1.0602306578}, {"name": "Wellness Measure 0.6522069119", "size": 0.6522069119}]}, {"name": "LIM366", "children": [{"name": "Financial Measure 1.0591910666", "size": 1.0591910666}, {"name": "Wellness Measure 0.8384065596", "size": 0.8384065596}]}, {"name": "MAN", "children": [{"name": "Financial Measure 1.0455312158", "size": 1.0455312158}, {"name": "Wellness Measure 0.6572674762", "size": 0.6572674761999999}]}, {"name": "MP302", "children": [{"name": "Financial Measure 1.072654693", "size": 1.072654693}, {"name": "Wellness Measure 0.3036723266", "size": 0.3036723266}]}, {"name": "MP304", "children": [{"name": "Financial Measure 1.071495102", "size": 1.071495102}, {"name": "Wellness Measure 0.0817657635", "size": 0.08176576349999999}]}, {"name": "MP305", "children": [{"name": "Financial Measure 1.0174149791", "size": 1.0174149791}, {"name": "Wellness Measure 0.9543643677", "size": 0.9543643677}]}, {"name": "MP306", "children": [{"name": "Financial Measure 1.0325846585", "size": 1.0325846585}, {"name": "Wellness Measure 0.7164207101", "size": 0.7164207101000001}]}, {"name": "MP307", "children": [{"name": "Financial Measure 1.0595069864", "size": 1.0595069864}, {"name": "Wellness Measure 1.1351565628", "size": 1.1351565628}]}, {"name": "MP311", "children": [{"name": "Financial Measure 1.072654693", "size": 1.072654693}, {"name": "Wellness Measure 0.5645720323", "size": 0.5645720323}]}, {"name": "MP312", "children": [{"name": "Financial Measure 1.07063069", "size": 1.07063069}, {"name": "Wellness Measure 0.9417286764", "size": 0.9417286764}]}, {"name": "MP313", "children": [{"name": "Financial Measure 1.0448396975", "size": 1.0448396975}, {"name": "Wellness Measure 0.9330441459", "size": 0.9330441459}]}, {"name": "MP314", "children": [{"name": "Financial Measure 1.0706765564", "size": 1.0706765564}, {"name": "Wellness Measure 0.4134641646", "size": 0.4134641646}]}, {"name": "MP321", "children": [{"name": "Financial Measure 1.063947333", "size": 1.063947333}, {"name": "Wellness Measure 0.6252196358", "size": 0.6252196358}]}, {"name": "MP322", "children": [{"name": "Financial Measure 1.071801426", "size": 1.071801426}, {"name": "Wellness Measure 0.0755588572", "size": 0.0755588572}]}, {"name": "MP323", "children": [{"name": "Financial Measure 1.0725566976", "size": 1.0725566976}, {"name": "Wellness Measure 0.4757010421", "size": 0.4757010421}]}, {"name": "NC061", "children": [{"name": "Financial Measure 1.067648447", "size": 1.067648447}, {"name": "Wellness Measure 1.1914644204", "size": 1.1914644204}]}, {"name": "NC062", "children": [{"name": "Financial Measure 1.0355360779", "size": 1.0355360779}, {"name": "Wellness Measure 1.2495660457", "size": 1.2495660457}]}, {"name": "NC064", "children": [{"name": "Financial Measure 1.0218821145", "size": 1.0218821145}, {"name": "Wellness Measure 0.5289775091", "size": 0.5289775091}]}, {"name": "NC065", "children": [{"name": "Financial Measure 1.0539188681", "size": 1.0539188681}, {"name": "Wellness Measure 1.0520148262", "size": 1.0520148262}]}, {"name": "NC066", "children": [{"name": "Financial Measure 1.072654693", "size": 1.072654693}, {"name": "Wellness Measure 0.6098108681", "size": 0.6098108681000001}]}, {"name": "NC067", "children": [{"name": "Financial Measure 1.0454338855", "size": 1.0454338855}, {"name": "Wellness Measure 0.8093373703", "size": 0.8093373703}]}, {"name": "NC071", "children": [{"name": "Financial Measure 1.0437919451", "size": 1.0437919451}, {"name": "Wellness Measure 0.9504443531", "size": 0.9504443531}]}, {"name": "NC072", "children": [{"name": "Financial Measure 1.0311987778", "size": 1.0311987778}, {"name": "Wellness Measure 0.5450511984", "size": 0.5450511984}]}, {"name": "NC073", "children": [{"name": "Financial Measure 1.0628192925", "size": 1.0628192925}, {"name": "Wellness Measure 1.1782782157", "size": 1.1782782157}]}, {"name": "NC074", "children": [{"name": "Financial Measure 1.0667566055", "size": 1.0667566055}, {"name": "Wellness Measure 0.8624379318", "size": 0.8624379318000001}]}, {"name": "NC075", "children": [{"name": "Financial Measure 0.9617120137", "size": 0.9617120137}, {"name": "Wellness Measure 1.035137964", "size": 1.035137964}]}, {"name": "NC076", "children": [{"name": "Financial Measure 0.9969531466", "size": 0.9969531466}, {"name": "Wellness Measure 0.4646083336", "size": 0.4646083336}]}, {"name": "NC077", "children": [{"name": "Financial Measure 1.0054065597", "size": 1.0054065597}, {"name": "Wellness Measure 0.8117147128", "size": 0.8117147128}]}, {"name": "NC078", "children": [{"name": "Financial Measure 1.0514005254", "size": 1.0514005254}, {"name": "Wellness Measure 0.5594433843", "size": 0.5594433843}]}, {"name": "NC081", "children": [{"name": "Financial Measure 1.0426551647", "size": 1.0426551647}, {"name": "Wellness Measure 0.3648370343", "size": 0.3648370343}]}, {"name": "NC082", "children": [{"name": "Financial Measure 1.0161441076", "size": 1.0161441076}, {"name": "Wellness Measure 0.8880961968", "size": 0.8880961968000001}]}, {"name": "NC083", "children": [{"name": "Financial Measure 1.0388689772", "size": 1.0388689772}, {"name": "Wellness Measure 1.0878056952", "size": 1.0878056952}]}, {"name": "NC084", "children": [{"name": "Financial Measure 1.028836665", "size": 1.028836665}, {"name": "Wellness Measure 0.3331011575", "size": 0.3331011575}]}, {"name": "NC085", "children": [{"name": "Financial Measure 0.8429230466", "size": 0.8429230466}, {"name": "Wellness Measure 1.0126515244", "size": 1.0126515244}]}, {"name": "NC086", "children": [{"name": "Financial Measure 1.052354781", "size": 1.052354781}, {"name": "Wellness Measure 1.4306630936", "size": 1.4306630936000002}]}, {"name": "NC091", "children": [{"name": "Financial Measure 1.0718898394", "size": 1.0718898394}, {"name": "Wellness Measure 1.1648894569", "size": 1.1648894569}]}, {"name": "NC092", "children": [{"name": "Financial Measure 1.072654693", "size": 1.072654693}, {"name": "Wellness Measure 0.7146779337", "size": 0.7146779337000001}]}, {"name": "NC093", "children": [{"name": "Financial Measure 1.0517671029", "size": 1.0517671029}, {"name": "Wellness Measure 1.0923236946", "size": 1.0923236946}]}, {"name": "NC094", "children": [{"name": "Financial Measure 1.0327493094", "size": 1.0327493094}, {"name": "Wellness Measure 0.7835940494", "size": 0.7835940494}]}, {"name": "NC453", "children": [{"name": "Financial Measure 1.072654693", "size": 1.072654693}, {"name": "Wellness Measure 1.2886930532", "size": 1.2886930531999998}]}, {"name": "NMA", "children": [{"name": "Financial Measure 1.0630179723", "size": 1.0630179723}, {"name": "Wellness Measure 1.0369929703", "size": 1.0369929703}]}, {"name": "NW372", "children": [{"name": "Financial Measure 1.0696345862", "size": 1.0696345862}, {"name": "Wellness Measure 0.1069282306", "size": 0.1069282306}]}, {"name": "NW373", "children": [{"name": "Financial Measure 1.0439794187", "size": 1.0439794187}, {"name": "Wellness Measure 0.7516134951", "size": 0.7516134951000001}]}, {"name": "NW374", "children": [{"name": "Financial Measure 1.0726122561", "size": 1.0726122561}, {"name": "Wellness Measure 0.4199271312", "size": 0.4199271312}]}, {"name": "NW392", "children": [{"name": "Financial Measure 1.0214026862", "size": 1.0214026862}, {"name": "Wellness Measure 0.3769884769", "size": 0.3769884769}]}, {"name": "NW393", "children": [{"name": "Financial Measure 1.0076302613", "size": 1.0076302613}, {"name": "Wellness Measure 0.5459603573", "size": 0.5459603572999999}]}, {"name": "NW396", "children": [{"name": "Financial Measure 1.0272421523", "size": 1.0272421523}, {"name": "Wellness Measure 1.0302386194", "size": 1.0302386194}]}, {"name": "NW402", "children": [{"name": "Financial Measure 0.9997432138", "size": 0.9997432138}, {"name": "Wellness Measure 1.2216851012", "size": 1.2216851012}]}, {"name": "NW403", "children": [{"name": "Financial Measure 1.0347430814", "size": 1.0347430814}, {"name": "Wellness Measure 1.2772435087", "size": 1.2772435087}]}, {"name": "NW404", "children": [{"name": "Financial Measure 1.0681856353", "size": 1.0681856353}, {"name": "Wellness Measure 0.7782422122", "size": 0.7782422122}]}, {"name": "TSH", "children": [{"name": "Financial Measure 1.0675768491", "size": 1.0675768491}, {"name": "Wellness Measure 1.1628102912", "size": 1.1628102912}]}, {"name": "WC011", "children": [{"name": "Financial Measure 1.0488404581", "size": 1.0488404581}, {"name": "Wellness Measure 0.8110499795", "size": 0.8110499795}]}, {"name": "WC012", "children": [{"name": "Financial Measure 1.032311484", "size": 1.032311484}, {"name": "Wellness Measure 1.100997266", "size": 1.100997266}]}, {"name": "WC013", "children": [{"name": "Financial Measure 1.0550636221", "size": 1.0550636221}, {"name": "Wellness Measure 1.186250917", "size": 1.186250917}]}, {"name": "WC014", "children": [{"name": "Financial Measure 1.0719165024", "size": 1.0719165024}, {"name": "Wellness Measure 1.4090419477", "size": 1.4090419477}]}, {"name": "WC015", "children": [{"name": "Financial Measure 1.0700590591", "size": 1.0700590591}, {"name": "Wellness Measure 1.1337578068", "size": 1.1337578068}]}, {"name": "WC022", "children": [{"name": "Financial Measure 1.0674301981", "size": 1.0674301981}, {"name": "Wellness Measure 1.0346916975", "size": 1.0346916975}]}, {"name": "WC023", "children": [{"name": "Financial Measure 1.0681002399", "size": 1.0681002399}, {"name": "Wellness Measure 1.3293323925", "size": 1.3293323925}]}, {"name": "WC024", "children": [{"name": "Financial Measure 1.0726437093", "size": 1.0726437093}, {"name": "Wellness Measure 1.3040774945", "size": 1.3040774945}]}, {"name": "WC025", "children": [{"name": "Financial Measure 1.071935729", "size": 1.071935729}, {"name": "Wellness Measure 1.1457602091", "size": 1.1457602091}]}, {"name": "WC026", "children": [{"name": "Financial Measure 1.071938403", "size": 1.071938403}, {"name": "Wellness Measure 1.1861102109", "size": 1.1861102109}]}, {"name": "WC031", "children": [{"name": "Financial Measure 1.0464353966", "size": 1.0464353966}, {"name": "Wellness Measure 1.0510659303", "size": 1.0510659303}]}, {"name": "WC032", "children": [{"name": "Financial Measure 1.0726161501", "size": 1.0726161501}, {"name": "Wellness Measure 0.8055056068", "size": 0.8055056068}]}, {"name": "WC033", "children": [{"name": "Financial Measure 1.0648844452", "size": 1.0648844452}, {"name": "Wellness Measure 1.1110022553", "size": 1.1110022553}]}, {"name": "WC034", "children": [{"name": "Financial Measure 1.0593326548", "size": 1.0593326548}, {"name": "Wellness Measure 1.0896057603", "size": 1.0896057603}]}, {"name": "WC041", "children": [{"name": "Financial Measure 1.0483913252", "size": 1.0483913252}, {"name": "Wellness Measure 0.8299363627", "size": 0.8299363626999999}]}, {"name": "WC042", "children": [{"name": "Financial Measure 1.0724079615", "size": 1.0724079615}, {"name": "Wellness Measure 1.1468076526", "size": 1.1468076526}]}, {"name": "WC043", "children": [{"name": "Financial Measure 1.0235401192", "size": 1.0235401192}, {"name": "Wellness Measure 0.9490136577", "size": 0.9490136577}]}, {"name": "WC044", "children": [{"name": "Financial Measure 1.0649242242", "size": 1.0649242242}, {"name": "Wellness Measure 0.9950873324", "size": 0.9950873324}]}, {"name": "WC045", "children": [{"name": "Financial Measure 1.0679354401", "size": 1.0679354401}, {"name": "Wellness Measure 0.803088586", "size": 0.803088586}]}, {"name": "WC047", "children": [{"name": "Financial Measure 1.0378876286", "size": 1.0378876286}, {"name": "Wellness Measure 0.7683320737", "size": 0.7683320737}]}, {"name": "WC048", "children": [{"name": "Financial Measure 1.0330087275", "size": 1.0330087275}, {"name": "Wellness Measure 0.7491040525", "size": 0.7491040525}]}, {"name": "WC051", "children": [{"name": "Financial Measure 1.0355316695", "size": 1.0355316695}, {"name": "Wellness Measure 1.1020568606", "size": 1.1020568606}]}, {"name": "WC052", "children": [{"name": "Financial Measure 1.0604631871", "size": 1.0604631871}, {"name": "Wellness Measure 1.0413983305", "size": 1.0413983305}]}, {"name": "WC053", "children": [{"name": "Financial Measure 1.0637681873", "size": 1.0637681873}, {"name": "Wellness Measure 1.2719318995", "size": 1.2719318995}]}]}, {"name": 2, "children": [{"name": "EC121", "children": [{"name": "Financial Measure 1.072654693", "size": 1.072654693}, {"name": "Wellness Measure -1.6605681819", "size": -1.6605681819}]}, {"name": "EC122", "children": [{"name": "Financial Measure 1.0597297885", "size": 1.0597297885}, {"name": "Wellness Measure -1.2849456864", "size": -1.2849456864}]}, {"name": "EC123", "children": [{"name": "Financial Measure 0.8637207576", "size": 0.8637207576}, {"name": "Wellness Measure -0.841492019", "size": -0.841492019}]}, {"name": "EC124", "children": [{"name": "Financial Measure 1.072654693", "size": 1.072654693}, {"name": "Wellness Measure -1.0448085019", "size": -1.0448085019}]}, {"name": "EC126", "children": [{"name": "Financial Measure 0.9472033082", "size": 0.9472033082}, {"name": "Wellness Measure -1.3444350205", "size": -1.3444350205000002}]}, {"name": "EC127", "children": [{"name": "Financial Measure 1.0712284419", "size": 1.0712284419}, {"name": "Wellness Measure -0.5680520853", "size": -0.5680520853000001}]}, {"name": "EC132", "children": [{"name": "Financial Measure 1.0437323606", "size": 1.0437323606}, {"name": "Wellness Measure -0.8987564204", "size": -0.8987564204}]}, {"name": "EC135", "children": [{"name": "Financial Measure 0.9789657135", "size": 0.9789657135}, {"name": "Wellness Measure -1.7027067978", "size": -1.7027067978}]}, {"name": "EC136", "children": [{"name": "Financial Measure 1.0158089404", "size": 1.0158089404}, {"name": "Wellness Measure -1.1655490719", "size": -1.1655490719}]}, {"name": "EC137", "children": [{"name": "Financial Measure 1.0007673984", "size": 1.0007673984}, {"name": "Wellness Measure -1.7595461488", "size": -1.7595461488}]}, {"name": "EC138", "children": [{"name": "Financial Measure 1.0308708617", "size": 1.0308708617}, {"name": "Wellness Measure -0.9533341607", "size": -0.9533341607}]}, {"name": "EC141", "children": [{"name": "Financial Measure 1.0439758786", "size": 1.0439758786}, {"name": "Wellness Measure -1.5860714579", "size": -1.5860714579}]}, {"name": "EC142", "children": [{"name": "Financial Measure 1.0703908687", "size": 1.0703908687}, {"name": "Wellness Measure -1.0887747871", "size": -1.0887747871}]}, {"name": "EC153", "children": [{"name": "Financial Measure 1.072654693", "size": 1.072654693}, {"name": "Wellness Measure -1.7916468709", "size": -1.7916468709}]}, {"name": "EC154", "children": [{"name": "Financial Measure 1.072654693", "size": 1.072654693}, {"name": "Wellness Measure -1.8123146005", "size": -1.8123146005}]}, {"name": "EC155", "children": [{"name": "Financial Measure 1.0542413502", "size": 1.0542413502}, {"name": "Wellness Measure -1.8108515411", "size": -1.8108515411}]}, {"name": "EC156", "children": [{"name": "Financial Measure 1.072654693", "size": 1.072654693}, {"name": "Wellness Measure -1.725936552", "size": -1.7259365519999998}]}, {"name": "EC157", "children": [{"name": "Financial Measure 1.0674209806", "size": 1.0674209806}, {"name": "Wellness Measure -1.0980078843", "size": -1.0980078843}]}, {"name": "EC441", "children": [{"name": "Financial Measure 1.0720973526", "size": 1.0720973526000002}, {"name": "Wellness Measure -1.4412837836", "size": -1.4412837836}]}, {"name": "EC442", "children": [{"name": "Financial Measure 1.0726419891", "size": 1.0726419891}, {"name": "Wellness Measure -1.6484133946", "size": -1.6484133946}]}, {"name": "EC443", "children": [{"name": "Financial Measure 1.0682134261", "size": 1.0682134261}, {"name": "Wellness Measure -1.8355902232", "size": -1.8355902232}]}, {"name": "EC444", "children": [{"name": "Financial Measure 1.0541894038", "size": 1.0541894038}, {"name": "Wellness Measure -1.9226867132", "size": -1.9226867132}]}, {"name": "KZN211", "children": [{"name": "Financial Measure 1.0408368452", "size": 1.0408368452}, {"name": "Wellness Measure -1.6290615275", "size": -1.6290615275}]}, {"name": "KZN212", "children": [{"name": "Financial Measure 1.0617879109", "size": 1.0617879109}, {"name": "Wellness Measure -0.2574816171", "size": -0.2574816171}]}, {"name": "KZN213", "children": [{"name": "Financial Measure 1.054571091", "size": 1.054571091}, {"name": "Wellness Measure -1.5455713716", "size": -1.5455713716}]}, {"name": "KZN214", "children": [{"name": "Financial Measure 1.0484999764", "size": 1.0484999764}, {"name": "Wellness Measure -1.5282419014", "size": -1.5282419014}]}, {"name": "KZN215", "children": [{"name": "Financial Measure 1.0586204993", "size": 1.0586204993}, {"name": "Wellness Measure -1.4672484665", "size": -1.4672484665}]}, {"name": "KZN216", "children": [{"name": "Financial Measure 1.0597669714", "size": 1.0597669714}, {"name": "Wellness Measure -0.3762975731", "size": -0.3762975731}]}, {"name": "KZN221", "children": [{"name": "Financial Measure 1.0719907989", "size": 1.0719907989}, {"name": "Wellness Measure -0.6609753162", "size": -0.6609753161999999}]}, {"name": "KZN223", "children": [{"name": "Financial Measure 1.072654693", "size": 1.072654693}, {"name": "Wellness Measure -0.1161352732", "size": -0.1161352732}]}, {"name": "KZN224", "children": [{"name": "Financial Measure 1.0692624958", "size": 1.0692624958}, {"name": "Wellness Measure -1.0276180993", "size": -1.0276180993}]}, {"name": "KZN226", "children": [{"name": "Financial Measure 1.0703235194", "size": 1.0703235194}, {"name": "Wellness Measure -0.8614565932", "size": -0.8614565931999999}]}, {"name": "KZN227", "children": [{"name": "Financial Measure 1.0725632908", "size": 1.0725632908}, {"name": "Wellness Measure -0.8638114254", "size": -0.8638114254000001}]}, {"name": "KZN232", "children": [{"name": "Financial Measure 1.0698560207", "size": 1.0698560207}, {"name": "Wellness Measure -0.0767184525", "size": -0.0767184525}]}, {"name": "KZN233", "children": [{"name": "Financial Measure 1.0463822883", "size": 1.0463822883}, {"name": "Wellness Measure -0.9360991941", "size": -0.9360991941}]}, {"name": "KZN234", "children": [{"name": "Financial Measure 1.072654693", "size": 1.072654693}, {"name": "Wellness Measure -0.3835127027", "size": -0.3835127027}]}, {"name": "KZN235", "children": [{"name": "Financial Measure 1.0330195764", "size": 1.0330195764}, {"name": "Wellness Measure -1.3878923237", "size": -1.3878923237}]}, {"name": "KZN236", "children": [{"name": "Financial Measure 1.0726357974", "size": 1.0726357974}, {"name": "Wellness Measure -1.6360204571", "size": -1.6360204571}]}, {"name": "KZN242", "children": [{"name": "Financial Measure 1.0659062836", "size": 1.0659062836}, {"name": "Wellness Measure -1.4186810726", "size": -1.4186810726}]}, {"name": "KZN244", "children": [{"name": "Financial Measure 1.0584561984", "size": 1.0584561984}, {"name": "Wellness Measure -1.7864810166", "size": -1.7864810166}]}, {"name": "KZN245", "children": [{"name": "Financial Measure 1.072654693", "size": 1.072654693}, {"name": "Wellness Measure -1.0385188691", "size": -1.0385188691}]}, {"name": "KZN253", "children": [{"name": "Financial Measure 1.0725183337", "size": 1.0725183337}, {"name": "Wellness Measure -1.1990194684", "size": -1.1990194684}]}, {"name": "KZN254", "children": [{"name": "Financial Measure 1.072654693", "size": 1.072654693}, {"name": "Wellness Measure -0.9038274963", "size": -0.9038274963}]}, {"name": "KZN261", "children": [{"name": "Financial Measure 0.9825803704", "size": 0.9825803704}, {"name": "Wellness Measure -0.8379692633", "size": -0.8379692633}]}, {"name": "KZN262", "children": [{"name": "Financial Measure 1.0600311032", "size": 1.0600311031999998}, {"name": "Wellness Measure -0.9991617553", "size": -0.9991617553}]}, {"name": "KZN263", "children": [{"name": "Financial Measure 1.0618387177", "size": 1.0618387177}, {"name": "Wellness Measure -0.2609838243", "size": -0.2609838243}]}, {"name": "KZN265", "children": [{"name": "Financial Measure 1.0183395145", "size": 1.0183395145}, {"name": "Wellness Measure -1.3481605855", "size": -1.3481605855}]}, {"name": "KZN266", "children": [{"name": "Financial Measure 1.0674609489", "size": 1.0674609489}, {"name": "Wellness Measure -0.7182559406", "size": -0.7182559406}]}, {"name": "KZN271", "children": [{"name": "Financial Measure 1.0066233569", "size": 1.0066233569}, {"name": "Wellness Measure -1.5758833283", "size": -1.5758833283000002}]}, {"name": "KZN272", "children": [{"name": "Financial Measure 0.9917820793", "size": 0.9917820793}, {"name": "Wellness Measure -1.5388566231", "size": -1.5388566231}]}, {"name": "KZN273", "children": [{"name": "Financial Measure 1.0478889338", "size": 1.0478889338}, {"name": "Wellness Measure -1.4118755154", "size": -1.4118755154}]}, {"name": "KZN274", "children": [{"name": "Financial Measure 1.0363912537", "size": 1.0363912537}, {"name": "Wellness Measure -1.3602444828", "size": -1.3602444828}]}, {"name": "KZN275", "children": [{"name": "Financial Measure 1.0494289147", "size": 1.0494289147}, {"name": "Wellness Measure -0.8932683484", "size": -0.8932683484}]}, {"name": "KZN281", "children": [{"name": "Financial Measure 1.0598631013", "size": 1.0598631013}, {"name": "Wellness Measure -0.7812367749", "size": -0.7812367749}]}, {"name": "KZN283", "children": [{"name": "Financial Measure 1.072654693", "size": 1.072654693}, {"name": "Wellness Measure -1.4815073258", "size": -1.4815073258000002}]}, {"name": "KZN284", "children": [{"name": "Financial Measure 1.0701935993", "size": 1.0701935993}, {"name": "Wellness Measure -1.1417908293", "size": -1.1417908293}]}, {"name": "KZN285", "children": [{"name": "Financial Measure 1.0693996052", "size": 1.0693996052}, {"name": "Wellness Measure -1.1006039204", "size": -1.1006039204}]}, {"name": "KZN286", "children": [{"name": "Financial Measure 1.0130264251", "size": 1.0130264251}, {"name": "Wellness Measure -1.2013166738", "size": -1.2013166737999998}]}, {"name": "KZN291", "children": [{"name": "Financial Measure 1.072654693", "size": 1.072654693}, {"name": "Wellness Measure -0.4581341097", "size": -0.4581341097}]}, {"name": "KZN292", "children": [{"name": "Financial Measure 1.0685255453", "size": 1.0685255453}, {"name": "Wellness Measure -0.0457703137", "size": -0.0457703137}]}, {"name": "KZN293", "children": [{"name": "Financial Measure 1.0604728034", "size": 1.0604728034}, {"name": "Wellness Measure -1.2506283875", "size": -1.2506283875}]}, {"name": "KZN294", "children": [{"name": "Financial Measure 1.0381505316", "size": 1.0381505316}, {"name": "Wellness Measure -1.6519899081", "size": -1.6519899081}]}, {"name": "KZN431", "children": [{"name": "Financial Measure 1.0649073176", "size": 1.0649073176}, {"name": "Wellness Measure -1.5617997584", "size": -1.5617997584}]}, {"name": "KZN432", "children": [{"name": "Financial Measure 1.0027294855", "size": 1.0027294855}, {"name": "Wellness Measure -0.6435586284", "size": -0.6435586284}]}, {"name": "KZN434", "children": [{"name": "Financial Measure 1.0723468659", "size": 1.0723468659}, {"name": "Wellness Measure -1.5329172935", "size": -1.5329172935}]}, {"name": "KZN435", "children": [{"name": "Financial Measure 1.0618799449", "size": 1.0618799449}, {"name": "Wellness Measure -1.6326975279", "size": -1.6326975279}]}, {"name": "LIM331", "children": [{"name": "Financial Measure 1.0688942403", "size": 1.0688942403}, {"name": "Wellness Measure -1.1785992802", "size": -1.1785992802}]}, {"name": "LIM332", "children": [{"name": "Financial Measure 1.0140930286", "size": 1.0140930286}, {"name": "Wellness Measure -1.1829241186", "size": -1.1829241186}]}, {"name": "LIM333", "children": [{"name": "Financial Measure 1.0596715204", "size": 1.0596715204}, {"name": "Wellness Measure -0.9927699367", "size": -0.9927699367}]}, {"name": "LIM335", "children": [{"name": "Financial Measure 1.0301022231", "size": 1.0301022231}, {"name": "Wellness Measure -1.2753120808", "size": -1.2753120808}]}, {"name": "LIM342", "children": [{"name": "Financial Measure 1.0369951002", "size": 1.0369951002}, {"name": "Wellness Measure -1.5319168446", "size": -1.5319168446}]}, {"name": "LIM343", "children": [{"name": "Financial Measure 1.0624973752", "size": 1.0624973752}, {"name": "Wellness Measure -1.0153527005", "size": -1.0153527005}]}, {"name": "LIM344", "children": [{"name": "Financial Measure 1.0620019579", "size": 1.0620019579}, {"name": "Wellness Measure -1.0668257299", "size": -1.0668257299}]}, {"name": "LIM351", "children": [{"name": "Financial Measure 1.06100518", "size": 1.06100518}, {"name": "Wellness Measure -1.2170726739", "size": -1.2170726739}]}, {"name": "LIM352", "children": [{"name": "Financial Measure 1.0318570712", "size": 1.0318570712}, {"name": "Wellness Measure -0.841461914", "size": -0.841461914}]}, {"name": "LIM353", "children": [{"name": "Financial Measure 1.072654693", "size": 1.072654693}, {"name": "Wellness Measure -0.4143910429", "size": -0.4143910429}]}, {"name": "LIM355", "children": [{"name": "Financial Measure 1.0325181127", "size": 1.0325181127}, {"name": "Wellness Measure -0.6573528391", "size": -0.6573528391}]}, {"name": "LIM362", "children": [{"name": "Financial Measure 1.0667504334", "size": 1.0667504334}, {"name": "Wellness Measure -0.1032818353", "size": -0.1032818353}]}, {"name": "LIM367", "children": [{"name": "Financial Measure 1.0691443657", "size": 1.0691443657}, {"name": "Wellness Measure -0.4306546777", "size": -0.4306546777}]}, {"name": "LIM471", "children": [{"name": "Financial Measure 0.9653800145", "size": 0.9653800145}, {"name": "Wellness Measure -0.7205519398", "size": -0.7205519398000001}]}, {"name": "LIM472", "children": [{"name": "Financial Measure 1.0416147027", "size": 1.0416147027}, {"name": "Wellness Measure -0.8579302641", "size": -0.8579302641}]}, {"name": "LIM473", "children": [{"name": "Financial Measure 1.0629476626", "size": 1.0629476626}, {"name": "Wellness Measure -1.2640488887", "size": -1.2640488887}]}, {"name": "LIM474", "children": [{"name": "Financial Measure 1.067032315", "size": 1.067032315}, {"name": "Wellness Measure -1.1521291042", "size": -1.1521291042}]}, {"name": "LIM475", "children": [{"name": "Financial Measure 0.9685738754", "size": 0.9685738754}, {"name": "Wellness Measure -1.2416411866", "size": -1.2416411866}]}, {"name": "MP301", "children": [{"name": "Financial Measure 1.0520256875", "size": 1.0520256875}, {"name": "Wellness Measure -0.589611573", "size": -0.589611573}]}, {"name": "MP303", "children": [{"name": "Financial Measure 1.0720436733", "size": 1.0720436733}, {"name": "Wellness Measure -0.5310057523", "size": -0.5310057523}]}, {"name": "MP315", "children": [{"name": "Financial Measure 1.0647124585", "size": 1.0647124584999998}, {"name": "Wellness Measure -0.0591336285", "size": -0.059133628499999986}]}, {"name": "MP316", "children": [{"name": "Financial Measure 1.072654693", "size": 1.072654693}, {"name": "Wellness Measure -0.2952112584", "size": -0.2952112584}]}, {"name": "MP324", "children": [{"name": "Financial Measure 1.0379155017", "size": 1.0379155017}, {"name": "Wellness Measure -0.6429125643", "size": -0.6429125643}]}, {"name": "MP325", "children": [{"name": "Financial Measure 0.9554251351", "size": 0.9554251351}, {"name": "Wellness Measure -0.9585891519", "size": -0.9585891519}]}, {"name": "NC451", "children": [{"name": "Financial Measure 1.0725186359", "size": 1.0725186359}, {"name": "Wellness Measure -1.4724733101", "size": -1.4724733100999998}]}, {"name": "NC452", "children": [{"name": "Financial Measure 1.0204121282", "size": 1.0204121281999998}, {"name": "Wellness Measure -0.4664100061", "size": -0.4664100061}]}, {"name": "NW371", "children": [{"name": "Financial Measure 1.0602731319", "size": 1.0602731319}, {"name": "Wellness Measure -0.2999733782", "size": -0.29997337820000003}]}, {"name": "NW375", "children": [{"name": "Financial Measure 0.9810274395", "size": 0.9810274395}, {"name": "Wellness Measure -0.4179422476", "size": -0.4179422476}]}, {"name": "NW381", "children": [{"name": "Financial Measure 1.0446315731", "size": 1.0446315731}, {"name": "Wellness Measure -1.304307933", "size": -1.304307933}]}, {"name": "NW382", "children": [{"name": "Financial Measure 1.0603181797", "size": 1.0603181797}, {"name": "Wellness Measure -0.4576337311", "size": -0.4576337311}]}, {"name": "NW383", "children": [{"name": "Financial Measure 1.0572838548", "size": 1.0572838548}, {"name": "Wellness Measure -0.1770880499", "size": -0.1770880499}]}, {"name": "NW384", "children": [{"name": "Financial Measure 1.072545882", "size": 1.072545882}, {"name": "Wellness Measure -0.008337119", "size": -0.008337119}]}, {"name": "NW394", "children": [{"name": "Financial Measure 1.0719496964", "size": 1.0719496964}, {"name": "Wellness Measure -1.2188364393", "size": -1.2188364393}]}, {"name": "NW397", "children": [{"name": "Financial Measure 1.072654693", "size": 1.072654693}, {"name": "Wellness Measure -1.1246708196", "size": -1.1246708196}]}, {"name": "NW401", "children": [{"name": "Financial Measure 1.0020188119", "size": 1.0020188119}, {"name": "Wellness Measure -0.1842273133", "size": -0.1842273133}]}]}, {"name": 3, "children": [{"name": "NW385", "children": [{"name": "Financial Measure -26.4073520158", "size": -26.4073520158}, {"name": "Wellness Measure -0.5141210838", "size": -0.5141210838}]}]}]}