{"name": "flare", "children": [{"name": 1, "children": [{"name": "BUF", "children": [{"name": "Financial Measure 0.9998446752", "size": 0.9998446752}, {"name": "Wellness Measure 0.574703629", "size": 0.5747036289999999}]}, {"name": "CPT", "children": [{"name": "Financial Measure 0.9999998063", "size": 0.9999998063}, {"name": "Wellness Measure 0.708695779", "size": 0.708695779}]}, {"name": "DC1", "children": [{"name": "Financial Measure 1.0", "size": 1.0}, {"name": "Wellness Measure 0.712713918", "size": 0.712713918}]}, {"name": "DC10", "children": [{"name": "Financial Measure 0.9997054534", "size": 0.9997054534}, {"name": "Wellness Measure 0.661455687", "size": 0.661455687}]}, {"name": "DC16", "children": [{"name": "Financial Measure 0.9981950748", "size": 0.9981950748}, {"name": "Wellness Measure 0.682325053", "size": 0.682325053}]}, {"name": "DC18", "children": [{"name": "Financial Measure 0.9162463612", "size": 0.9162463612}, {"name": "Wellness Measure 0.684813125", "size": 0.684813125}]}, {"name": "DC19", "children": [{"name": "Financial Measure 0.9981268117", "size": 0.9981268117000001}, {"name": "Wellness Measure 0.571394359", "size": 0.571394359}]}, {"name": "DC2", "children": [{"name": "Financial Measure 0.9998415371", "size": 0.9998415370999999}, {"name": "Wellness Measure 0.713670908", "size": 0.713670908}]}, {"name": "DC20", "children": [{"name": "Financial Measure 0.9999059795", "size": 0.9999059795}, {"name": "Wellness Measure 0.676326331", "size": 0.676326331}]}, {"name": "DC22", "children": [{"name": "Financial Measure 0.9999984764", "size": 0.9999984764000001}, {"name": "Wellness Measure 0.520866911", "size": 0.520866911}]}, {"name": "DC25", "children": [{"name": "Financial Measure 1.0", "size": 1.0}, {"name": "Wellness Measure 0.554208906", "size": 0.5542089060000001}]}, {"name": "DC3", "children": [{"name": "Financial Measure 0.9998752638", "size": 0.9998752637999999}, {"name": "Wellness Measure 0.680925555", "size": 0.680925555}]}, {"name": "DC30", "children": [{"name": "Financial Measure 0.9983370522", "size": 0.9983370522}, {"name": "Wellness Measure 0.538534472", "size": 0.538534472}]}, {"name": "DC31", "children": [{"name": "Financial Measure 0.9991920306", "size": 0.9991920306000001}, {"name": "Wellness Measure 0.538256843", "size": 0.538256843}]}, {"name": "DC4", "children": [{"name": "Financial Measure 0.9877097419", "size": 0.9877097418999999}, {"name": "Wellness Measure 0.706404335", "size": 0.706404335}]}, {"name": "DC40", "children": [{"name": "Financial Measure 0.9999158596", "size": 0.9999158596}, {"name": "Wellness Measure 0.689395456", "size": 0.689395456}]}, {"name": "DC42", "children": [{"name": "Financial Measure 0.9999992823", "size": 0.9999992823}, {"name": "Wellness Measure 0.713566072", "size": 0.713566072}]}, {"name": "DC48", "children": [{"name": "Financial Measure 0.9999368725", "size": 0.9999368725}, {"name": "Wellness Measure 0.63475284", "size": 0.63475284}]}, {"name": "DC5", "children": [{"name": "Financial Measure 0.9997252505", "size": 0.9997252504999999}, {"name": "Wellness Measure 0.718852518", "size": 0.7188525179999999}]}, {"name": "DC6", "children": [{"name": "Financial Measure 0.9994577026", "size": 0.9994577026000001}, {"name": "Wellness Measure 0.68193479", "size": 0.68193479}]}, {"name": "DC7", "children": [{"name": "Financial Measure 0.9967635036", "size": 0.9967635036}, {"name": "Wellness Measure 0.660349775", "size": 0.660349775}]}, {"name": "DC8", "children": [{"name": "Financial Measure 0.9997029224", "size": 0.9997029223999999}, {"name": "Wellness Measure 0.633034743", "size": 0.633034743}]}, {"name": "DC9", "children": [{"name": "Financial Measure 0.9999397054", "size": 0.9999397054000001}, {"name": "Wellness Measure 0.665701277", "size": 0.665701277}]}, {"name": "EC101", "children": [{"name": "Financial Measure 0.9996156426", "size": 0.9996156426}, {"name": "Wellness Measure 0.725868116", "size": 0.7258681159999999}]}, {"name": "EC102", "children": [{"name": "Financial Measure 0.9994724534", "size": 0.9994724534}, {"name": "Wellness Measure 0.666878204", "size": 0.666878204}]}, {"name": "EC103", "children": [{"name": "Financial Measure 0.9980511286", "size": 0.9980511286}, {"name": "Wellness Measure 0.648199708", "size": 0.6481997079999999}]}, {"name": "EC104", "children": [{"name": "Financial Measure 0.9976697036", "size": 0.9976697036}, {"name": "Wellness Measure 0.662546256", "size": 0.6625462560000001}]}, {"name": "EC105", "children": [{"name": "Financial Measure 0.9987306477", "size": 0.9987306477}, {"name": "Wellness Measure 0.559584124", "size": 0.559584124}]}, {"name": "EC106", "children": [{"name": "Financial Measure 0.9988080091", "size": 0.9988080091}, {"name": "Wellness Measure 0.561393827", "size": 0.5613938270000001}]}, {"name": "EC107", "children": [{"name": "Financial Measure 0.9990887668", "size": 0.9990887668}, {"name": "Wellness Measure 0.613080476", "size": 0.613080476}]}, {"name": "EC108", "children": [{"name": "Financial Measure 0.9996604453", "size": 0.9996604453}, {"name": "Wellness Measure 0.618250601", "size": 0.6182506010000001}]}, {"name": "EC109", "children": [{"name": "Financial Measure 1.0", "size": 1.0}, {"name": "Wellness Measure 0.649586383", "size": 0.6495863829999999}]}, {"name": "EC128", "children": [{"name": "Financial Measure 0.9999480133", "size": 0.9999480132999999}, {"name": "Wellness Measure 0.640634868", "size": 0.640634868}]}, {"name": "EC131", "children": [{"name": "Financial Measure 0.999213694", "size": 0.999213694}, {"name": "Wellness Measure 0.697655679", "size": 0.697655679}]}, {"name": "EC133", "children": [{"name": "Financial Measure 0.9955466087", "size": 0.9955466087}, {"name": "Wellness Measure 0.677260337", "size": 0.677260337}]}, {"name": "EC134", "children": [{"name": "Financial Measure 0.9989538226", "size": 0.9989538226000001}, {"name": "Wellness Measure 0.5887349", "size": 0.5887349000000001}]}, {"name": "EC143", "children": [{"name": "Financial Measure 0.9996589189", "size": 0.9996589189}, {"name": "Wellness Measure 0.619844662", "size": 0.619844662}]}, {"name": "EC144", "children": [{"name": "Financial Measure 0.9982153353", "size": 0.9982153353000001}, {"name": "Wellness Measure 0.647072577", "size": 0.647072577}]}, {"name": "EKU", "children": [{"name": "Financial Measure 0.9999663371", "size": 0.9999663370999999}, {"name": "Wellness Measure 0.680643316", "size": 0.6806433159999999}]}, {"name": "ETH", "children": [{"name": "Financial Measure 0.999935378", "size": 0.999935378}, {"name": "Wellness Measure 0.626096942", "size": 0.626096942}]}, {"name": "FS161", "children": [{"name": "Financial Measure 0.9957593921", "size": 0.9957593921}, {"name": "Wellness Measure 0.650471416", "size": 0.650471416}]}, {"name": "FS162", "children": [{"name": "Financial Measure 0.99261913", "size": 0.99261913}, {"name": "Wellness Measure 0.673422829", "size": 0.6734228290000001}]}, {"name": "FS163", "children": [{"name": "Financial Measure 0.9941831014", "size": 0.9941831014}, {"name": "Wellness Measure 0.632096414", "size": 0.6320964139999999}]}, {"name": "FS164", "children": [{"name": "Financial Measure 0.9988133527", "size": 0.9988133526999999}, {"name": "Wellness Measure 0.675822814", "size": 0.6758228140000001}]}, {"name": "FS181", "children": [{"name": "Financial Measure 0.9831167302", "size": 0.9831167302}, {"name": "Wellness Measure 0.649809488", "size": 0.6498094879999999}]}, {"name": "FS182", "children": [{"name": "Financial Measure 0.9811355432", "size": 0.9811355432}, {"name": "Wellness Measure 0.505759785", "size": 0.505759785}]}, {"name": "FS183", "children": [{"name": "Financial Measure 0.9998662931", "size": 0.9998662931}, {"name": "Wellness Measure 0.672778524", "size": 0.672778524}]}, {"name": "FS184", "children": [{"name": "Financial Measure 0.9915045458", "size": 0.9915045458}, {"name": "Wellness Measure 0.68203028", "size": 0.68203028}]}, {"name": "FS185", "children": [{"name": "Financial Measure 0.9985208533", "size": 0.9985208533}, {"name": "Wellness Measure 0.637097948", "size": 0.637097948}]}, {"name": "FS191", "children": [{"name": "Financial Measure 0.99775247", "size": 0.99775247}, {"name": "Wellness Measure 0.595088218", "size": 0.595088218}]}, {"name": "FS192", "children": [{"name": "Financial Measure 0.9999527753", "size": 0.9999527753}, {"name": "Wellness Measure 0.612852174", "size": 0.612852174}]}, {"name": "FS193", "children": [{"name": "Financial Measure 0.9856994079", "size": 0.9856994079000001}, {"name": "Wellness Measure 0.584591869", "size": 0.5845918689999999}]}, {"name": "FS194", "children": [{"name": "Financial Measure 0.999950253", "size": 0.999950253}, {"name": "Wellness Measure 0.512304692", "size": 0.5123046920000001}]}, {"name": "FS195", "children": [{"name": "Financial Measure 0.9943221017", "size": 0.9943221017}, {"name": "Wellness Measure 0.548109908", "size": 0.5481099079999999}]}, {"name": "FS196", "children": [{"name": "Financial Measure 0.9973299462", "size": 0.9973299462}, {"name": "Wellness Measure 0.638870691", "size": 0.638870691}]}, {"name": "FS201", "children": [{"name": "Financial Measure 0.9978032127", "size": 0.9978032126999999}, {"name": "Wellness Measure 0.693923669", "size": 0.693923669}]}, {"name": "FS203", "children": [{"name": "Financial Measure 0.9985338313", "size": 0.9985338313}, {"name": "Wellness Measure 0.648358414", "size": 0.6483584139999999}]}, {"name": "FS204", "children": [{"name": "Financial Measure 0.9977713351", "size": 0.9977713351}, {"name": "Wellness Measure 0.662229781", "size": 0.662229781}]}, {"name": "FS205", "children": [{"name": "Financial Measure 0.9991844324", "size": 0.9991844324}, {"name": "Wellness Measure 0.634771649", "size": 0.6347716489999999}]}, {"name": "GT421", "children": [{"name": "Financial Measure 0.9998195337", "size": 0.9998195337000001}, {"name": "Wellness Measure 0.720121079", "size": 0.7201210790000001}]}, {"name": "GT422", "children": [{"name": "Financial Measure 0.9996723315", "size": 0.9996723315}, {"name": "Wellness Measure 0.631948647", "size": 0.631948647}]}, {"name": "GT423", "children": [{"name": "Financial Measure 0.9998483604", "size": 0.9998483604}, {"name": "Wellness Measure 0.677683671", "size": 0.6776836709999999}]}, {"name": "GT481", "children": [{"name": "Financial Measure 0.9998638041", "size": 0.9998638041}, {"name": "Wellness Measure 0.674589613", "size": 0.674589613}]}, {"name": "GT482", "children": [{"name": "Financial Measure 0.9995637826", "size": 0.9995637826}, {"name": "Wellness Measure 0.654573095", "size": 0.654573095}]}, {"name": "GT483", "children": [{"name": "Financial Measure 0.9998128426", "size": 0.9998128426}, {"name": "Wellness Measure 0.506422704", "size": 0.506422704}]}, {"name": "GT484", "children": [{"name": "Financial Measure 0.999866493", "size": 0.999866493}, {"name": "Wellness Measure 0.633095269", "size": 0.633095269}]}, {"name": "JHB", "children": [{"name": "Financial Measure 0.999968681", "size": 0.9999686809999999}, {"name": "Wellness Measure 0.705571209", "size": 0.705571209}]}, {"name": "KZN222", "children": [{"name": "Financial Measure 0.9999239188", "size": 0.9999239188}, {"name": "Wellness Measure 0.605455865", "size": 0.605455865}]}, {"name": "KZN225", "children": [{"name": "Financial Measure 1.0", "size": 1.0}, {"name": "Wellness Measure 0.601191534", "size": 0.601191534}]}, {"name": "KZN241", "children": [{"name": "Financial Measure 0.9999302334", "size": 0.9999302334000001}, {"name": "Wellness Measure 0.55602243", "size": 0.55602243}]}, {"name": "KZN252", "children": [{"name": "Financial Measure 0.9986340462", "size": 0.9986340462000001}, {"name": "Wellness Measure 0.590119459", "size": 0.590119459}]}, {"name": "KZN282", "children": [{"name": "Financial Measure 1.0", "size": 1.0}, {"name": "Wellness Measure 0.605877913", "size": 0.6058779129999999}]}, {"name": "KZN433", "children": [{"name": "Financial Measure 0.9992765942", "size": 0.9992765942}, {"name": "Wellness Measure 0.538938755", "size": 0.538938755}]}, {"name": "LIM341", "children": [{"name": "Financial Measure 1.0", "size": 1.0}, {"name": "Wellness Measure 0.548149806", "size": 0.548149806}]}, {"name": "LIM361", "children": [{"name": "Financial Measure 0.9924565705", "size": 0.9924565705}, {"name": "Wellness Measure 0.554204282", "size": 0.554204282}]}, {"name": "LIM364", "children": [{"name": "Financial Measure 0.9995644771", "size": 0.9995644771}, {"name": "Wellness Measure 0.611795979", "size": 0.6117959789999999}]}, {"name": "LIM365", "children": [{"name": "Financial Measure 0.9998295291", "size": 0.9998295291}, {"name": "Wellness Measure 0.57010887", "size": 0.57010887}]}, {"name": "LIM366", "children": [{"name": "Financial Measure 0.9987179232", "size": 0.9987179232}, {"name": "Wellness Measure 0.606324297", "size": 0.606324297}]}, {"name": "MAN", "children": [{"name": "Financial Measure 0.9988361828", "size": 0.9988361828}, {"name": "Wellness Measure 0.633151152", "size": 0.633151152}]}, {"name": "MP302", "children": [{"name": "Financial Measure 0.9989984888", "size": 0.9989984888}, {"name": "Wellness Measure 0.513021248", "size": 0.5130212479999999}]}, {"name": "MP305", "children": [{"name": "Financial Measure 0.996918852", "size": 0.9969188520000001}, {"name": "Wellness Measure 0.671750998", "size": 0.6717509979999999}]}, {"name": "MP306", "children": [{"name": "Financial Measure 0.9977901318", "size": 0.9977901318000001}, {"name": "Wellness Measure 0.586584503", "size": 0.586584503}]}, {"name": "MP307", "children": [{"name": "Financial Measure 0.9999384423", "size": 0.9999384423000001}, {"name": "Wellness Measure 0.711624011", "size": 0.711624011}]}, {"name": "MP311", "children": [{"name": "Financial Measure 0.9995905495", "size": 0.9995905495}, {"name": "Wellness Measure 0.608824847", "size": 0.6088248470000001}]}, {"name": "MP312", "children": [{"name": "Financial Measure 0.9998604111", "size": 0.9998604111}, {"name": "Wellness Measure 0.613228586", "size": 0.613228586}]}, {"name": "MP313", "children": [{"name": "Financial Measure 1.0", "size": 1.0}, {"name": "Wellness Measure 0.638193217", "size": 0.638193217}]}, {"name": "MP314", "children": [{"name": "Financial Measure 0.9990359626", "size": 0.9990359626}, {"name": "Wellness Measure 0.516384779", "size": 0.516384779}]}, {"name": "MP321", "children": [{"name": "Financial Measure 0.9992090851", "size": 0.9992090851000001}, {"name": "Wellness Measure 0.568146441", "size": 0.568146441}]}, {"name": "MP323", "children": [{"name": "Financial Measure 0.9977375816", "size": 0.9977375815999999}, {"name": "Wellness Measure 0.533661051", "size": 0.533661051}]}, {"name": "NC061", "children": [{"name": "Financial Measure 0.9987935519", "size": 0.9987935519}, {"name": "Wellness Measure 0.698892666", "size": 0.698892666}]}, {"name": "NC062", "children": [{"name": "Financial Measure 0.9968565265", "size": 0.9968565265}, {"name": "Wellness Measure 0.685299264", "size": 0.6852992640000001}]}, {"name": "NC064", "children": [{"name": "Financial Measure 0.9934811535", "size": 0.9934811535}, {"name": "Wellness Measure 0.577967945", "size": 0.577967945}]}, {"name": "NC065", "children": [{"name": "Financial Measure 0.9997358461", "size": 0.9997358461}, {"name": "Wellness Measure 0.669744252", "size": 0.669744252}]}, {"name": "NC066", "children": [{"name": "Financial Measure 0.9943008038", "size": 0.9943008038}, {"name": "Wellness Measure 0.535635105", "size": 0.535635105}]}, {"name": "NC067", "children": [{"name": "Financial Measure 0.998189039", "size": 0.9981890390000001}, {"name": "Wellness Measure 0.667551603", "size": 0.6675516029999999}]}, {"name": "NC071", "children": [{"name": "Financial Measure 0.9998908642", "size": 0.9998908642000001}, {"name": "Wellness Measure 0.651421812", "size": 0.651421812}]}, {"name": "NC072", "children": [{"name": "Financial Measure 0.9968233383", "size": 0.9968233383}, {"name": "Wellness Measure 0.658815738", "size": 0.6588157379999999}]}, {"name": "NC073", "children": [{"name": "Financial Measure 0.9980990959", "size": 0.9980990959}, {"name": "Wellness Measure 0.688452563", "size": 0.688452563}]}, {"name": "NC074", "children": [{"name": "Financial Measure 0.9993267823", "size": 0.9993267823}, {"name": "Wellness Measure 0.647292409", "size": 0.647292409}]}, {"name": "NC075", "children": [{"name": "Financial Measure 0.9921370272", "size": 0.9921370272}, {"name": "Wellness Measure 0.670223254", "size": 0.6702232539999999}]}, {"name": "NC076", "children": [{"name": "Financial Measure 0.9954942403", "size": 0.9954942403}, {"name": "Wellness Measure 0.55606452", "size": 0.55606452}]}, {"name": "NC077", "children": [{"name": "Financial Measure 0.9973240032", "size": 0.9973240031999999}, {"name": "Wellness Measure 0.657320763", "size": 0.657320763}]}, {"name": "NC078", "children": [{"name": "Financial Measure 0.9961287622", "size": 0.9961287622}, {"name": "Wellness Measure 0.59752436", "size": 0.59752436}]}, {"name": "NC081", "children": [{"name": "Financial Measure 0.9974453653", "size": 0.9974453653}, {"name": "Wellness Measure 0.558244948", "size": 0.558244948}]}, {"name": "NC082", "children": [{"name": "Financial Measure 0.999808761", "size": 0.9998087609999999}, {"name": "Wellness Measure 0.614776383", "size": 0.6147763829999999}]}, {"name": "NC083", "children": [{"name": "Financial Measure 0.9996388402", "size": 0.9996388401999999}, {"name": "Wellness Measure 0.654904934", "size": 0.6549049339999999}]}, {"name": "NC084", "children": [{"name": "Financial Measure 0.9997589429", "size": 0.9997589429000001}, {"name": "Wellness Measure 0.528493431", "size": 0.528493431}]}, {"name": "NC085", "children": [{"name": "Financial Measure 0.9972531507", "size": 0.9972531507}, {"name": "Wellness Measure 0.63470947", "size": 0.63470947}]}, {"name": "NC086", "children": [{"name": "Financial Measure 0.9974687212", "size": 0.9974687212000001}, {"name": "Wellness Measure 0.712919717", "size": 0.712919717}]}, {"name": "NC091", "children": [{"name": "Financial Measure 0.999950753", "size": 0.999950753}, {"name": "Wellness Measure 0.67941982", "size": 0.67941982}]}, {"name": "NC092", "children": [{"name": "Financial Measure 0.9999959502", "size": 0.9999959502}, {"name": "Wellness Measure 0.611380922", "size": 0.611380922}]}, {"name": "NC093", "children": [{"name": "Financial Measure 0.9998105779", "size": 0.9998105779}, {"name": "Wellness Measure 0.672415791", "size": 0.6724157909999999}]}, {"name": "NC094", "children": [{"name": "Financial Measure 0.999855074", "size": 0.9998550740000001}, {"name": "Wellness Measure 0.617156404", "size": 0.6171564039999999}]}, {"name": "NC453", "children": [{"name": "Financial Measure 0.9992309218", "size": 0.9992309218000001}, {"name": "Wellness Measure 0.694703773", "size": 0.694703773}]}, {"name": "NMA", "children": [{"name": "Financial Measure 0.9997074723", "size": 0.9997074723}, {"name": "Wellness Measure 0.704481382", "size": 0.704481382}]}, {"name": "NW373", "children": [{"name": "Financial Measure 0.9993826907", "size": 0.9993826907}, {"name": "Wellness Measure 0.589268442", "size": 0.5892684420000001}]}, {"name": "NW374", "children": [{"name": "Financial Measure 0.999271205", "size": 0.999271205}, {"name": "Wellness Measure 0.572742572", "size": 0.572742572}]}, {"name": "NW392", "children": [{"name": "Financial Measure 0.9975987923", "size": 0.9975987923}, {"name": "Wellness Measure 0.559354075", "size": 0.559354075}]}, {"name": "NW393", "children": [{"name": "Financial Measure 0.9977072541", "size": 0.9977072540999999}, {"name": "Wellness Measure 0.569519761", "size": 0.569519761}]}, {"name": "NW396", "children": [{"name": "Financial Measure 0.9999498372", "size": 0.9999498372}, {"name": "Wellness Measure 0.70853386", "size": 0.70853386}]}, {"name": "NW402", "children": [{"name": "Financial Measure 0.9972924135", "size": 0.9972924135}, {"name": "Wellness Measure 0.689715567", "size": 0.689715567}]}, {"name": "NW403", "children": [{"name": "Financial Measure 0.997121984", "size": 0.9971219840000001}, {"name": "Wellness Measure 0.70493483", "size": 0.70493483}]}, {"name": "NW404", "children": [{"name": "Financial Measure 0.9992027354", "size": 0.9992027354}, {"name": "Wellness Measure 0.61481132", "size": 0.61481132}]}, {"name": "TSH", "children": [{"name": "Financial Measure 0.9998598831", "size": 0.9998598831000001}, {"name": "Wellness Measure 0.678458085", "size": 0.678458085}]}, {"name": "WC011", "children": [{"name": "Financial Measure 0.9975072293", "size": 0.9975072293}, {"name": "Wellness Measure 0.66451707", "size": 0.66451707}]}, {"name": "WC012", "children": [{"name": "Financial Measure 0.9998319842", "size": 0.9998319842}, {"name": "Wellness Measure 0.66809104", "size": 0.66809104}]}, {"name": "WC013", "children": [{"name": "Financial Measure 0.9999538891", "size": 0.9999538890999999}, {"name": "Wellness Measure 0.698942586", "size": 0.6989425859999999}]}, {"name": "WC014", "children": [{"name": "Financial Measure 0.9998056588", "size": 0.9998056587999999}, {"name": "Wellness Measure 0.706038112", "size": 0.706038112}]}, {"name": "WC015", "children": [{"name": "Financial Measure 0.9997884068", "size": 0.9997884068}, {"name": "Wellness Measure 0.70615472", "size": 0.70615472}]}, {"name": "WC022", "children": [{"name": "Financial Measure 0.9999946233", "size": 0.9999946233}, {"name": "Wellness Measure 0.692917136", "size": 0.6929171359999999}]}, {"name": "WC023", "children": [{"name": "Financial Measure 0.9999759265", "size": 0.9999759265000001}, {"name": "Wellness Measure 0.711611217", "size": 0.7116112170000001}]}, {"name": "WC024", "children": [{"name": "Financial Measure 0.9997644888", "size": 0.9997644887999999}, {"name": "Wellness Measure 0.71095056", "size": 0.71095056}]}, {"name": "WC025", "children": [{"name": "Financial Measure 0.9999997187", "size": 0.9999997187}, {"name": "Wellness Measure 0.695228025", "size": 0.695228025}]}, {"name": "WC026", "children": [{"name": "Financial Measure 1.0", "size": 1.0}, {"name": "Wellness Measure 0.702217557", "size": 0.702217557}]}, {"name": "WC031", "children": [{"name": "Financial Measure 0.9989366602", "size": 0.9989366601999999}, {"name": "Wellness Measure 0.655016752", "size": 0.655016752}]}, {"name": "WC032", "children": [{"name": "Financial Measure 0.9998226374", "size": 0.9998226374}, {"name": "Wellness Measure 0.626021046", "size": 0.626021046}]}, {"name": "WC033", "children": [{"name": "Financial Measure 0.9994721634", "size": 0.9994721634}, {"name": "Wellness Measure 0.703267611", "size": 0.7032676109999999}]}, {"name": "WC034", "children": [{"name": "Financial Measure 0.9996278075", "size": 0.9996278075}, {"name": "Wellness Measure 0.674111907", "size": 0.674111907}]}, {"name": "WC041", "children": [{"name": "Financial Measure 0.9976007329", "size": 0.9976007329000001}, {"name": "Wellness Measure 0.631654533", "size": 0.631654533}]}, {"name": "WC042", "children": [{"name": "Financial Measure 0.9998249791", "size": 0.9998249791}, {"name": "Wellness Measure 0.695660203", "size": 0.695660203}]}, {"name": "WC043", "children": [{"name": "Financial Measure 0.9991455547", "size": 0.9991455547}, {"name": "Wellness Measure 0.69930204", "size": 0.69930204}]}, {"name": "WC044", "children": [{"name": "Financial Measure 0.9998815482", "size": 0.9998815482}, {"name": "Wellness Measure 0.690510268", "size": 0.6905102679999999}]}, {"name": "WC045", "children": [{"name": "Financial Measure 0.9994487093", "size": 0.9994487093000001}, {"name": "Wellness Measure 0.625167729", "size": 0.625167729}]}, {"name": "WC047", "children": [{"name": "Financial Measure 0.9991256787", "size": 0.9991256787}, {"name": "Wellness Measure 0.678165846", "size": 0.678165846}]}, {"name": "WC048", "children": [{"name": "Financial Measure 0.9966059691", "size": 0.9966059691}, {"name": "Wellness Measure 0.608490934", "size": 0.608490934}]}, {"name": "WC051", "children": [{"name": "Financial Measure 0.9979702232", "size": 0.9979702232}, {"name": "Wellness Measure 0.69450831", "size": 0.69450831}]}, {"name": "WC052", "children": [{"name": "Financial Measure 0.999217061", "size": 0.999217061}, {"name": "Wellness Measure 0.654090735", "size": 0.654090735}]}, {"name": "WC053", "children": [{"name": "Financial Measure 0.999680269", "size": 0.9996802690000001}, {"name": "Wellness Measure 0.714880049", "size": 0.714880049}]}]}, {"name": 2, "children": [{"name": "DC12", "children": [{"name": "Financial Measure 0.9995286391", "size": 0.9995286391}, {"name": "Wellness Measure 0.258010173", "size": 0.258010173}]}, {"name": "DC13", "children": [{"name": "Financial Measure 0.999749393", "size": 0.999749393}, {"name": "Wellness Measure 0.382382194", "size": 0.382382194}]}, {"name": "DC14", "children": [{"name": "Financial Measure 0.9999060826", "size": 0.9999060826}, {"name": "Wellness Measure 0.337836395", "size": 0.337836395}]}, {"name": "DC15", "children": [{"name": "Financial Measure 0.9989593954", "size": 0.9989593954000001}, {"name": "Wellness Measure 0.17373136", "size": 0.17373136}]}, {"name": "DC21", "children": [{"name": "Financial Measure 0.9995375168", "size": 0.9995375168}, {"name": "Wellness Measure 0.287873448", "size": 0.28787344800000003}]}, {"name": "DC23", "children": [{"name": "Financial Measure 0.9978621715", "size": 0.9978621715}, {"name": "Wellness Measure 0.328014519", "size": 0.328014519}]}, {"name": "DC24", "children": [{"name": "Financial Measure 0.9998594303", "size": 0.9998594303}, {"name": "Wellness Measure 0.235772549", "size": 0.235772549}]}, {"name": "DC26", "children": [{"name": "Financial Measure 0.9999856729", "size": 0.9999856729000001}, {"name": "Wellness Measure 0.308937344", "size": 0.308937344}]}, {"name": "DC27", "children": [{"name": "Financial Measure 0.9915953231", "size": 0.9915953231}, {"name": "Wellness Measure 0.175245324", "size": 0.17524532399999998}]}, {"name": "DC28", "children": [{"name": "Financial Measure 1.0", "size": 1.0}, {"name": "Wellness Measure 0.398295342", "size": 0.39829534200000005}]}, {"name": "DC29", "children": [{"name": "Financial Measure 0.9998348481", "size": 0.9998348481}, {"name": "Wellness Measure 0.324697388", "size": 0.32469738800000003}]}, {"name": "DC32", "children": [{"name": "Financial Measure 1.0", "size": 1.0}, {"name": "Wellness Measure 0.386202841", "size": 0.386202841}]}, {"name": "DC33", "children": [{"name": "Financial Measure 0.998158044", "size": 0.9981580440000001}, {"name": "Wellness Measure 0.242002535", "size": 0.242002535}]}, {"name": "DC34", "children": [{"name": "Financial Measure 0.9923904212", "size": 0.9923904212000001}, {"name": "Wellness Measure 0.231448872", "size": 0.231448872}]}, {"name": "DC35", "children": [{"name": "Financial Measure 0.9997629988", "size": 0.9997629988}, {"name": "Wellness Measure 0.403480151", "size": 0.403480151}]}, {"name": "DC36", "children": [{"name": "Financial Measure 0.9999997772", "size": 0.9999997772}, {"name": "Wellness Measure 0.439222902", "size": 0.439222902}]}, {"name": "DC37", "children": [{"name": "Financial Measure 0.9998285879", "size": 0.9998285879000001}, {"name": "Wellness Measure 0.478888832", "size": 0.47888883200000004}]}, {"name": "DC38", "children": [{"name": "Financial Measure 0.9996398178", "size": 0.9996398178}, {"name": "Wellness Measure 0.39875261", "size": 0.39875261}]}, {"name": "DC39", "children": [{"name": "Financial Measure 0.9997072259", "size": 0.9997072259}, {"name": "Wellness Measure 0.374978439", "size": 0.374978439}]}, {"name": "DC43", "children": [{"name": "Financial Measure 0.9951165919", "size": 0.9951165919}, {"name": "Wellness Measure 0.214061281", "size": 0.21406128100000002}]}, {"name": "DC44", "children": [{"name": "Financial Measure 0.9999953735", "size": 0.9999953734999999}, {"name": "Wellness Measure 0.134247986", "size": 0.13424798599999999}]}, {"name": "DC45", "children": [{"name": "Financial Measure 0.9999639576", "size": 0.9999639576}, {"name": "Wellness Measure 0.380493247", "size": 0.38049324700000003}]}, {"name": "DC47", "children": [{"name": "Financial Measure 0.9968860258", "size": 0.9968860258}, {"name": "Wellness Measure 0.226523933", "size": 0.226523933}]}, {"name": "EC121", "children": [{"name": "Financial Measure 0.9985626779", "size": 0.9985626779000001}, {"name": "Wellness Measure 0.155085974", "size": 0.15508597400000002}]}, {"name": "EC122", "children": [{"name": "Financial Measure 0.9979248851", "size": 0.9979248851000001}, {"name": "Wellness Measure 0.276328599", "size": 0.276328599}]}, {"name": "EC123", "children": [{"name": "Financial Measure 0.9933766293", "size": 0.9933766293}, {"name": "Wellness Measure 0.345310779", "size": 0.345310779}]}, {"name": "EC124", "children": [{"name": "Financial Measure 0.9998291376", "size": 0.9998291376}, {"name": "Wellness Measure 0.359025174", "size": 0.359025174}]}, {"name": "EC126", "children": [{"name": "Financial Measure 0.9992746111", "size": 0.9992746111}, {"name": "Wellness Measure 0.289735039", "size": 0.28973503899999997}]}, {"name": "EC127", "children": [{"name": "Financial Measure 0.999882088", "size": 0.999882088}, {"name": "Wellness Measure 0.451123468", "size": 0.45112346799999997}]}, {"name": "EC132", "children": [{"name": "Financial Measure 0.9987019995", "size": 0.9987019995}, {"name": "Wellness Measure 0.384912516", "size": 0.38491251600000004}]}, {"name": "EC135", "children": [{"name": "Financial Measure 0.9999988786", "size": 0.9999988786}, {"name": "Wellness Measure 0.18635603", "size": 0.18635603}]}, {"name": "EC136", "children": [{"name": "Financial Measure 0.996912404", "size": 0.996912404}, {"name": "Wellness Measure 0.313629254", "size": 0.31362925399999997}]}, {"name": "EC137", "children": [{"name": "Financial Measure 0.9970736167", "size": 0.9970736167}, {"name": "Wellness Measure 0.16408711", "size": 0.16408711}]}, {"name": "EC138", "children": [{"name": "Financial Measure 0.9975493652", "size": 0.9975493651999999}, {"name": "Wellness Measure 0.344471991", "size": 0.34447199100000003}]}, {"name": "EC141", "children": [{"name": "Financial Measure 0.9991572329", "size": 0.9991572329}, {"name": "Wellness Measure 0.159923441", "size": 0.159923441}]}, {"name": "EC142", "children": [{"name": "Financial Measure 0.9999046995", "size": 0.9999046995}, {"name": "Wellness Measure 0.330145882", "size": 0.330145882}]}, {"name": "EC153", "children": [{"name": "Financial Measure 1.0", "size": 1.0}, {"name": "Wellness Measure 0.111577542", "size": 0.11157754199999999}]}, {"name": "EC154", "children": [{"name": "Financial Measure 1.0", "size": 1.0}, {"name": "Wellness Measure 0.112760027", "size": 0.112760027}]}, {"name": "EC155", "children": [{"name": "Financial Measure 0.9990002759", "size": 0.9990002759000001}, {"name": "Wellness Measure 0.131812775", "size": 0.131812775}]}, {"name": "EC156", "children": [{"name": "Financial Measure 0.9919568725", "size": 0.9919568725}, {"name": "Wellness Measure 0.150628273", "size": 0.150628273}]}, {"name": "EC157", "children": [{"name": "Financial Measure 0.9990617653", "size": 0.9990617653}, {"name": "Wellness Measure 0.292425125", "size": 0.292425125}]}, {"name": "EC441", "children": [{"name": "Financial Measure 0.9997193069", "size": 0.9997193069}, {"name": "Wellness Measure 0.207467727", "size": 0.207467727}]}, {"name": "EC442", "children": [{"name": "Financial Measure 0.9830054203", "size": 0.9830054203}, {"name": "Wellness Measure 0.163978758", "size": 0.163978758}]}, {"name": "EC443", "children": [{"name": "Financial Measure 0.9996952498", "size": 0.9996952498}, {"name": "Wellness Measure 0.092283048", "size": 0.092283048}]}, {"name": "EC444", "children": [{"name": "Financial Measure 0.9999906692", "size": 0.9999906692}, {"name": "Wellness Measure 0.086652323", "size": 0.086652323}]}, {"name": "KZN211", "children": [{"name": "Financial Measure 0.9971734407", "size": 0.9971734406999999}, {"name": "Wellness Measure 0.137627185", "size": 0.137627185}]}, {"name": "KZN212", "children": [{"name": "Financial Measure 0.999398543", "size": 0.999398543}, {"name": "Wellness Measure 0.423631368", "size": 0.42363136799999995}]}, {"name": "KZN214", "children": [{"name": "Financial Measure 0.9999273482", "size": 0.9999273482}, {"name": "Wellness Measure 0.195796584", "size": 0.195796584}]}, {"name": "KZN215", "children": [{"name": "Financial Measure 0.9985957378", "size": 0.9985957378}, {"name": "Wellness Measure 0.230456816", "size": 0.230456816}]}, {"name": "KZN216", "children": [{"name": "Financial Measure 0.9998092724", "size": 0.9998092724}, {"name": "Wellness Measure 0.40163107", "size": 0.40163107}]}, {"name": "KZN221", "children": [{"name": "Financial Measure 0.9997167269", "size": 0.9997167269}, {"name": "Wellness Measure 0.34780786", "size": 0.34780786}]}, {"name": "KZN223", "children": [{"name": "Financial Measure 0.9987366738", "size": 0.9987366738}, {"name": "Wellness Measure 0.396058203", "size": 0.396058203}]}, {"name": "KZN224", "children": [{"name": "Financial Measure 0.9999858113", "size": 0.9999858113}, {"name": "Wellness Measure 0.269331163", "size": 0.269331163}]}, {"name": "KZN226", "children": [{"name": "Financial Measure 0.9998860813", "size": 0.9998860813}, {"name": "Wellness Measure 0.318003798", "size": 0.318003798}]}, {"name": "KZN227", "children": [{"name": "Financial Measure 0.9994036719", "size": 0.9994036719}, {"name": "Wellness Measure 0.308575322", "size": 0.308575322}]}, {"name": "KZN232", "children": [{"name": "Financial Measure 0.9999377776", "size": 0.9999377776}, {"name": "Wellness Measure 0.464493907", "size": 0.46449390700000004}]}, {"name": "KZN233", "children": [{"name": "Financial Measure 0.9999997583", "size": 0.9999997583}, {"name": "Wellness Measure 0.267951237", "size": 0.267951237}]}, {"name": "KZN234", "children": [{"name": "Financial Measure 0.9998407539", "size": 0.9998407539}, {"name": "Wellness Measure 0.393888628", "size": 0.39388862799999996}]}, {"name": "KZN235", "children": [{"name": "Financial Measure 0.9991746403", "size": 0.9991746403}, {"name": "Wellness Measure 0.223229441", "size": 0.22322944100000003}]}, {"name": "KZN236", "children": [{"name": "Financial Measure 0.9939036827", "size": 0.9939036827}, {"name": "Wellness Measure 0.168681049", "size": 0.16868104899999997}]}, {"name": "KZN242", "children": [{"name": "Financial Measure 1.0", "size": 1.0}, {"name": "Wellness Measure 0.230998403", "size": 0.23099840300000002}]}, {"name": "KZN244", "children": [{"name": "Financial Measure 0.9967922418", "size": 0.9967922418}, {"name": "Wellness Measure 0.108787589", "size": 0.108787589}]}, {"name": "KZN245", "children": [{"name": "Financial Measure 1.0", "size": 1.0}, {"name": "Wellness Measure 0.237195056", "size": 0.23719505600000002}]}, {"name": "KZN253", "children": [{"name": "Financial Measure 0.9996306093", "size": 0.9996306093}, {"name": "Wellness Measure 0.226222423", "size": 0.226222423}]}, {"name": "KZN254", "children": [{"name": "Financial Measure 0.9990503382", "size": 0.9990503381999999}, {"name": "Wellness Measure 0.319387383", "size": 0.319387383}]}, {"name": "KZN261", "children": [{"name": "Financial Measure 0.9931450461", "size": 0.9931450461}, {"name": "Wellness Measure 0.290111406", "size": 0.290111406}]}, {"name": "KZN262", "children": [{"name": "Financial Measure 0.9986571201", "size": 0.9986571201000001}, {"name": "Wellness Measure 0.303892511", "size": 0.30389251100000003}]}, {"name": "KZN263", "children": [{"name": "Financial Measure 0.999991229", "size": 0.999991229}, {"name": "Wellness Measure 0.429414515", "size": 0.429414515}]}, {"name": "KZN265", "children": [{"name": "Financial Measure 0.9982245279", "size": 0.9982245279}, {"name": "Wellness Measure 0.250833701", "size": 0.250833701}]}, {"name": "KZN266", "children": [{"name": "Financial Measure 0.9996447241", "size": 0.9996447240999999}, {"name": "Wellness Measure 0.318480203", "size": 0.318480203}]}, {"name": "KZN271", "children": [{"name": "Financial Measure 0.9956616729", "size": 0.9956616729000001}, {"name": "Wellness Measure 0.113605052", "size": 0.113605052}]}, {"name": "KZN272", "children": [{"name": "Financial Measure 0.9999938822", "size": 0.9999938822}, {"name": "Wellness Measure 0.155775646", "size": 0.155775646}]}, {"name": "KZN273", "children": [{"name": "Financial Measure 0.999735378", "size": 0.999735378}, {"name": "Wellness Measure 0.204504908", "size": 0.204504908}]}, {"name": "KZN274", "children": [{"name": "Financial Measure 0.9978196707", "size": 0.9978196706999999}, {"name": "Wellness Measure 0.18346862", "size": 0.18346862}]}, {"name": "KZN275", "children": [{"name": "Financial Measure 0.9977991397", "size": 0.9977991397}, {"name": "Wellness Measure 0.307443353", "size": 0.30744335300000003}]}, {"name": "KZN281", "children": [{"name": "Financial Measure 0.9966770757", "size": 0.9966770757}, {"name": "Wellness Measure 0.318850782", "size": 0.318850782}]}, {"name": "KZN283", "children": [{"name": "Financial Measure 1.0", "size": 1.0}, {"name": "Wellness Measure 0.195505988", "size": 0.19550598800000002}]}, {"name": "KZN284", "children": [{"name": "Financial Measure 0.9988065192", "size": 0.9988065192}, {"name": "Wellness Measure 0.266423736", "size": 0.266423736}]}, {"name": "KZN285", "children": [{"name": "Financial Measure 1.0", "size": 1.0}, {"name": "Wellness Measure 0.269725849", "size": 0.26972584899999996}]}, {"name": "KZN286", "children": [{"name": "Financial Measure 0.997377719", "size": 0.997377719}, {"name": "Wellness Measure 0.217430866", "size": 0.21743086600000003}]}, {"name": "KZN291", "children": [{"name": "Financial Measure 0.9999463337", "size": 0.9999463337000001}, {"name": "Wellness Measure 0.381279343", "size": 0.381279343}]}, {"name": "KZN292", "children": [{"name": "Financial Measure 0.9997702623", "size": 0.9997702623}, {"name": "Wellness Measure 0.432518184", "size": 0.43251818399999997}]}, {"name": "KZN293", "children": [{"name": "Financial Measure 0.9996770489", "size": 0.9996770489}, {"name": "Wellness Measure 0.209517717", "size": 0.209517717}]}, {"name": "KZN294", "children": [{"name": "Financial Measure 0.9953437464", "size": 0.9953437464}, {"name": "Wellness Measure 0.137163337", "size": 0.137163337}]}, {"name": "KZN431", "children": [{"name": "Financial Measure 1.0", "size": 1.0}, {"name": "Wellness Measure 0.153395638", "size": 0.153395638}]}, {"name": "KZN432", "children": [{"name": "Financial Measure 0.9964528042", "size": 0.9964528042}, {"name": "Wellness Measure 0.338949879", "size": 0.338949879}]}, {"name": "KZN434", "children": [{"name": "Financial Measure 1.0", "size": 1.0}, {"name": "Wellness Measure 0.129693148", "size": 0.129693148}]}, {"name": "KZN435", "children": [{"name": "Financial Measure 0.9996795895", "size": 0.9996795895}, {"name": "Wellness Measure 0.164096014", "size": 0.164096014}]}, {"name": "LIM331", "children": [{"name": "Financial Measure 0.9998270236", "size": 0.9998270236}, {"name": "Wellness Measure 0.190041147", "size": 0.190041147}]}, {"name": "LIM332", "children": [{"name": "Financial Measure 0.9987284709", "size": 0.9987284709}, {"name": "Wellness Measure 0.212933092", "size": 0.212933092}]}, {"name": "LIM333", "children": [{"name": "Financial Measure 0.9994001869", "size": 0.9994001869}, {"name": "Wellness Measure 0.270043402", "size": 0.270043402}]}, {"name": "LIM334", "children": [{"name": "Financial Measure 0.9989538955", "size": 0.9989538955}, {"name": "Wellness Measure 0.466992056", "size": 0.466992056}]}, {"name": "LIM335", "children": [{"name": "Financial Measure 0.999744951", "size": 0.9997449509999999}, {"name": "Wellness Measure 0.188822688", "size": 0.18882268800000002}]}, {"name": "LIM342", "children": [{"name": "Financial Measure 1.0", "size": 1.0}, {"name": "Wellness Measure 0.115007101", "size": 0.115007101}]}, {"name": "LIM343", "children": [{"name": "Financial Measure 1.0", "size": 1.0}, {"name": "Wellness Measure 0.239445889", "size": 0.239445889}]}, {"name": "LIM344", "children": [{"name": "Financial Measure 0.9986360818", "size": 0.9986360818000001}, {"name": "Wellness Measure 0.227599913", "size": 0.22759991300000001}]}, {"name": "LIM351", "children": [{"name": "Financial Measure 0.9993105189", "size": 0.9993105189}, {"name": "Wellness Measure 0.196902993", "size": 0.196902993}]}, {"name": "LIM352", "children": [{"name": "Financial Measure 1.0", "size": 1.0}, {"name": "Wellness Measure 0.303450573", "size": 0.303450573}]}, {"name": "LIM353", "children": [{"name": "Financial Measure 1.0", "size": 1.0}, {"name": "Wellness Measure 0.359514975", "size": 0.359514975}]}, {"name": "LIM354", "children": [{"name": "Financial Measure 0.9991538412", "size": 0.9991538412000001}, {"name": "Wellness Measure 0.489700904", "size": 0.489700904}]}, {"name": "LIM355", "children": [{"name": "Financial Measure 0.9982349847", "size": 0.9982349846999999}, {"name": "Wellness Measure 0.320057987", "size": 0.320057987}]}, {"name": "LIM362", "children": [{"name": "Financial Measure 1.0", "size": 1.0}, {"name": "Wellness Measure 0.427335483", "size": 0.42733548299999996}]}, {"name": "LIM367", "children": [{"name": "Financial Measure 1.0", "size": 1.0}, {"name": "Wellness Measure 0.355437846", "size": 0.355437846}]}, {"name": "LIM471", "children": [{"name": "Financial Measure 1.0", "size": 1.0}, {"name": "Wellness Measure 0.298786259", "size": 0.298786259}]}, {"name": "LIM472", "children": [{"name": "Financial Measure 0.9900471494", "size": 0.9900471493999999}, {"name": "Wellness Measure 0.305943266", "size": 0.305943266}]}, {"name": "LIM473", "children": [{"name": "Financial Measure 1.0", "size": 1.0}, {"name": "Wellness Measure 0.205748266", "size": 0.205748266}]}, {"name": "LIM474", "children": [{"name": "Financial Measure 1.0", "size": 1.0}, {"name": "Wellness Measure 0.220378493", "size": 0.220378493}]}, {"name": "MP301", "children": [{"name": "Financial Measure 0.9972323771", "size": 0.9972323770999999}, {"name": "Wellness Measure 0.353657969", "size": 0.35365796899999996}]}, {"name": "MP303", "children": [{"name": "Financial Measure 0.9990633951", "size": 0.9990633951000001}, {"name": "Wellness Measure 0.336702693", "size": 0.336702693}]}, {"name": "MP304", "children": [{"name": "Financial Measure 0.9966208291", "size": 0.9966208290999999}, {"name": "Wellness Measure 0.487936867", "size": 0.48793686700000005}]}, {"name": "MP315", "children": [{"name": "Financial Measure 0.9985824935", "size": 0.9985824935}, {"name": "Wellness Measure 0.472269614", "size": 0.472269614}]}, {"name": "MP316", "children": [{"name": "Financial Measure 0.9999905684", "size": 0.9999905684}, {"name": "Wellness Measure 0.399915125", "size": 0.399915125}]}, {"name": "MP322", "children": [{"name": "Financial Measure 0.999759819", "size": 0.9997598190000001}, {"name": "Wellness Measure 0.474942701", "size": 0.474942701}]}, {"name": "MP324", "children": [{"name": "Financial Measure 0.9991549793", "size": 0.9991549793000001}, {"name": "Wellness Measure 0.353594572", "size": 0.35359457200000005}]}, {"name": "MP325", "children": [{"name": "Financial Measure 0.9941421916", "size": 0.9941421916}, {"name": "Wellness Measure 0.277435283", "size": 0.27743528300000003}]}, {"name": "NC451", "children": [{"name": "Financial Measure 0.9989697799", "size": 0.9989697798999999}, {"name": "Wellness Measure 0.16135296", "size": 0.16135296}]}, {"name": "NC452", "children": [{"name": "Financial Measure 0.9997319004", "size": 0.9997319004}, {"name": "Wellness Measure 0.371632322", "size": 0.371632322}]}, {"name": "NW371", "children": [{"name": "Financial Measure 0.9994807864", "size": 0.9994807864}, {"name": "Wellness Measure 0.399557094", "size": 0.399557094}]}, {"name": "NW372", "children": [{"name": "Financial Measure 0.9999927979", "size": 0.9999927979000001}, {"name": "Wellness Measure 0.482167728", "size": 0.48216772799999996}]}, {"name": "NW375", "children": [{"name": "Financial Measure 0.9962488276", "size": 0.9962488276000001}, {"name": "Wellness Measure 0.377500789", "size": 0.377500789}]}, {"name": "NW381", "children": [{"name": "Financial Measure 0.9990936901", "size": 0.9990936901}, {"name": "Wellness Measure 0.179427048", "size": 0.179427048}]}, {"name": "NW382", "children": [{"name": "Financial Measure 0.9988603801", "size": 0.9988603801}, {"name": "Wellness Measure 0.415321375", "size": 0.415321375}]}, {"name": "NW383", "children": [{"name": "Financial Measure 0.9977839985", "size": 0.9977839985}, {"name": "Wellness Measure 0.436914872", "size": 0.436914872}]}, {"name": "NW384", "children": [{"name": "Financial Measure 0.9999587557", "size": 0.9999587556999999}, {"name": "Wellness Measure 0.491269076", "size": 0.491269076}]}, {"name": "NW385", "children": [{"name": "Financial Measure 0.9999557957", "size": 0.9999557956999999}, {"name": "Wellness Measure 0.356733321", "size": 0.356733321}]}, {"name": "NW394", "children": [{"name": "Financial Measure 0.9985654484", "size": 0.9985654484}, {"name": "Wellness Measure 0.266046004", "size": 0.266046004}]}, {"name": "NW397", "children": [{"name": "Financial Measure 1.0", "size": 1.0}, {"name": "Wellness Measure 0.242138472", "size": 0.242138472}]}, {"name": "NW401", "children": [{"name": "Financial Measure 0.9962343858", "size": 0.9962343858}, {"name": "Wellness Measure 0.465944808", "size": 0.465944808}]}]}]}