geo_code,geoid,name,total,Income-poor-0-14,Income-poor-15-24,Income-poor-25-34,Income-poor-35-44,Income-poor-45-54,Income-poor-55-64,Income-poor-65+,Non-poor-0-14,Non-poor-15-24,Non-poor-25-34,Non-poor-35-44,Non-poor-45-54,Non-poor-55-64,Non-poor-65+
ZA,country-ZA,South Africa,43880663,9314612,5267335,3405601,2387598,1822945,1258786,1216077,4149281,3206896,3931847,2973211,2200119,1441449,1304906
WC044,municipality-WC044,George,166413,26410,14855,11439,10242,7216,3706,2300,19239,13840,15344,13922,11512,8322,8066
WC047,municipality-WC047,Bitou,39665,6312,3477,3390,2814,1736,730,411,4269,2901,4193,3409,2364,1692,1967
WC048,municipality-WC048,Knysna,57091,8684,4975,4280,3494,2352,1199,834,6312,4123,5624,4865,3598,3139,3612
WC051,municipality-WC051,Laingsburg,7350,1245,567,492,490,348,194,152,700,509,621,642,570,457,363
WC052,municipality-WC052,Prince Albert,12197,2864,1445,1116,952,779,381,256,848,648,595,649,657,481,526
WC053,municipality-WC053,Beaufort West,42788,9872,4612,3421,3144,2341,1426,980,3778,2598,2496,2485,2317,1781,1537
MP303,municipality-MP303,Mkhondo,126594,38739,20925,11556,7935,6057,3899,3523,8598,5892,6724,5094,3426,2198,2028
MP311,municipality-MP311,Victor Khanye,62312,12145,6975,4959,3402,2692,1714,1203,6521,4869,6013,4547,3361,2221,1690
MP322,municipality-MP322,Mbombela,526185,111058,69550,45254,29300,18908,11839,11085,56208,41158,47673,35410,23627,13499,11616
NW373,municipality-NW373,Rustenburg,437616,53497,31329,25140,17425,12625,7223,6161,58079,45760,70713,50421,34631,14852,9760
NW384,municipality-NW384,Ditsobotla,150594,39079,20022,14552,10788,8564,5627,4784,9753,7181,8569,7140,6018,4344,4173
NW396,municipality-NW396,Lekwa-Teemane,47980,12497,6434,4466,3186,2352,1690,1479,3169,2267,2845,2408,1953,1667,1567
NC062,municipality-NC062,Nama Khoi,43070,6012,3555,2535,2495,2002,1388,1484,4837,3340,3550,3355,3046,2587,2884
NC071,municipality-NC071,Ubuntu,16344,4211,1859,1307,1246,876,557,538,1270,878,888,798,702,569,645
NC077,municipality-NC077,Siyathemba,20112,4536,2174,1602,1413,1224,777,790,1563,1108,1231,1105,950,803,836
NC085,municipality-NC085,Tsantsabane,31142,4613,2552,1909,1467,1096,733,974,3972,3143,3662,2574,1851,1220,1376
NC094,municipality-NC094,Phokwane,57221,14439,7560,5089,3813,2998,2190,2609,4135,2683,2982,2647,2292,1677,2107
WC012,municipality-WC012,Cederberg,44622,6701,3346,2866,2808,2021,1048,754,5218,4037,4314,3870,3469,2100,2070
WC024,municipality-WC024,Stellenbosch,114807,13304,8991,6791,5479,3770,2115,1323,15180,13915,13915,10901,8786,5665,4672
WC033,municipality-WC033,Cape Agulhas,29534,3660,2063,1576,1594,1171,577,465,3447,2704,2837,2695,2656,1992,2097
WC045,municipality-WC045,Oudtshoorn,85302,17772,9986,7093,6246,5004,2939,2058,7236,5156,4755,5166,4552,3663,3676
EC102,municipality-EC102,Blue Crane Route,32226,7538,3756,2703,2555,2111,1420,1169,2104,1555,1681,1575,1625,1249,1185
EC103,municipality-EC103,Ikwezi,9367,2456,1121,791,758,668,376,329,521,373,441,387,458,334,354
EC104,municipality-EC104,Makana,67247,11595,7283,5440,4703,3863,2492,2275,6350,4611,5115,4458,4045,2563,2454
EC106,municipality-EC106,Sundays River Valley,48231,10539,5781,4479,3981,2871,1657,1332,3192,2780,3620,2861,2216,1597,1325
EC107,municipality-EC107,Baviaans,16525,4274,1986,1502,1360,1013,584,479,968,671,761,754,858,686,629
EC108,municipality-EC108,Kouga,84570,15963,8267,6924,5685,4203,2278,1541,7986,5568,7061,5749,4411,3952,4982
EC109,municipality-EC109,Kou-Kamma,37530,8084,3673,3081,2893,1977,1213,594,3306,2584,3095,2456,2056,1336,1182
EC121,municipality-EC121,Mbhashe,226994,82858,41899,15982,12239,13457,11514,14838,8427,5332,4464,3775,3241,3362,5606
EC123,municipality-EC123,Great Kei,34309,9177,4941,3091,2671,2458,1503,1938,1396,1009,1224,1222,1137,1001,1541
EC124,municipality-EC124,Amahlathi,111434,31842,16944,8839,7713,8234,6149,6565,5146,3264,3248,3221,3316,2992,3961
EC126,municipality-EC126,Ngqushwa,64521,18106,9082,4720,4456,4738,3956,5323,2661,1575,1521,1533,1697,1966,3187
EC127,municipality-EC127,Nkonkobe,107298,28857,14908,8139,7602,7536,5940,7353,5810,3456,3330,3481,3573,3166,4147
EC131,municipality-EC131,Inxuba Yethemba,58774,12856,6504,4753,4089,3150,2320,1742,5069,3488,3629,3394,3218,2481,2081
EC132,municipality-EC132,Tsolwana,30091,9137,4574,2422,1952,1789,1589,1652,1419,982,952,905,866,807,1045
EC133,municipality-EC133,Inkwanca,19786,5267,2927,1787,1330,1094,875,760,1097,760,963,778,834,696,618
EC134,municipality-EC134,Lukanji,170563,41076,22897,12889,10314,9638,7332,7969,14295,9458,9438,8056,7276,4990,4935
EC136,municipality-EC136,Emalahleni,106350,35579,17640,7258,6133,7171,6335,7851,4095,2371,2024,1936,1920,2212,3825
EC137,municipality-EC137,Engcobo,132278,50073,22431,9405,7842,7894,6736,8118,5311,3038,2338,2294,1993,1821,2984
EC138,municipality-EC138,Sakhisizwe,56072,17555,9313,4301,3319,3490,2843,3119,3057,1844,1679,1458,1401,1201,1492
EC141,municipality-EC141,Elundini,120926,40075,20729,9083,6979,7160,6649,7554,5350,3543,3000,2725,2257,2188,3634
EC142,municipality-EC142,Senqu,117938,36860,20128,10001,6949,6388,5815,6567,5707,3853,3592,3110,2757,2598,3613
EC143,municipality-EC143,Maletswai,39668,9806,4956,3306,2357,1784,1307,1059,3639,2318,2965,2283,1682,1188,1018
EC153,municipality-EC153,Ngquza Hill,241195,97119,45888,20271,13149,11710,8474,11555,9729,5917,4864,4255,2943,2211,3110
EC154,municipality-EC154,Port St Johns,136284,56498,27475,10730,7420,6892,5407,6516,4216,2608,2001,1756,1362,1271,2132
EC155,municipality-EC155,Nyandeni,254930,99009,50277,21567,14838,13120,9924,11748,9799,6621,4756,4081,3048,2452,3690
EC156,municipality-EC156,Mhlontlo,167292,60483,31533,12562,9276,9589,8143,9751,6795,4361,3150,3041,2593,2418,3597
EC441,municipality-EC441,Matatiele,173316,60807,28901,13198,9490,9242,8177,9063,9456,5431,4616,4037,3281,3138,4479
EC442,municipality-EC442,Umzimvubu,166250,59482,28901,13037,9227,8554,7626,8552,8588,5080,4298,3472,2859,2638,3936
EC443,municipality-EC443,Mbizana,245533,101170,46350,19192,13317,11961,8532,11254,11016,6409,4548,3804,2799,2077,3104
EC444,municipality-EC444,Ntabankulu,110048,44100,21534,9313,5953,5859,4759,5926,3598,2059,1513,1426,1111,1063,1834
FS161,municipality-FS161,Letsemeng,34091,8143,4264,2797,2297,1903,1171,812,2745,1991,2244,1909,1524,1215,1076
FS162,municipality-FS162,Kopanong,43410,10121,5360,3554,2837,2220,1574,1304,3362,2221,2926,2420,1996,1715,1800
FS163,municipality-FS163,Mohokare,30820,8468,4548,2942,2065,1532,1054,1015,1781,1259,1593,1385,1140,1088,950
FS181,municipality-FS181,Masilonyana,52386,13941,7133,5042,3721,2759,2031,1725,3397,2361,2638,2450,2041,1546,1601
FS182,municipality-FS182,Tokologo,25833,6954,3410,2364,1931,1491,902,662,1458,1109,1450,1329,1039,930,804
FS183,municipality-FS183,Tswelopele,43309,12864,6494,4332,2974,2465,1777,1376,2311,1621,1949,1726,1356,1054,1010
FS184,municipality-FS184,Matjhabeng,341514,65456,39895,27196,18871,17191,10332,7728,34526,24508,27109,23412,22750,12674,9866
FS185,municipality-FS185,Nala,72727,20509,10634,7588,5099,4167,3250,2587,4209,2745,3160,2630,2355,1989,1805
FS192,municipality-FS192,Dihlabeng,118691,25531,14023,10717,7516,5519,3708,2807,11027,7064,9051,7470,6133,4260,3865
FS193,municipality-FS193,Nketoana,56608,15445,8529,5715,3757,3132,2260,1645,3404,2228,2736,2278,2090,1714,1675
FS194,municipality-FS194,Maluti a Phofung,314086,89269,52106,31639,22598,17364,12637,11363,18589,13308,12015,10390,9610,6671,6527
FS195,municipality-FS195,Phumelela,43493,11749,6365,4227,3137,2634,1789,1413,2375,1808,2124,1705,1579,1283,1305
FS201,municipality-FS201,Moqhaka,138455,29396,16764,11736,8906,7248,5341,4256,11379,7814,9183,8059,7315,5822,5236
FS203,municipality-FS203,Ngwathe,107400,26918,14005,10089,7330,5792,4257,3691,7044,4720,5780,4868,4245,3937,4724
FS204,municipality-FS204,Metsimaholo,123837,22078,12502,10203,7043,4852,2990,2233,13288,10384,13002,9520,7422,4866,3454
FS205,municipality-FS205,Mafube,51992,13860,7423,4961,3440,2851,2022,1691,3351,2223,2764,2242,1926,1476,1762
GT421,municipality-GT421,Emfuleni,611190,98247,60326,46797,34836,25029,17787,13140,68244,54015,62182,49074,38277,24877,18359
GT423,municipality-GT423,Lesedi,84524,14136,7971,6143,4601,3137,2023,1592,9498,6884,9083,7179,5256,3779,3242
GT481,municipality-GT481,Mogale City,293625,37756,22414,20404,14016,9914,5506,3459,35875,28682,40024,30673,21793,13373,9736
GT482,municipality-GT482,Randfontein,128357,17254,9745,7999,6057,4681,2834,1911,16273,12505,15489,12618,10397,6111,4483
GT483,municipality-GT483,Westonaria,91761,13926,8057,6795,4540,3273,1471,899,9461,8019,13195,9880,8139,2733,1373
KZN211,municipality-KZN211,Vulamehlo,68362,23083,12643,6289,4669,4498,3331,3399,2539,1657,1511,1197,1063,1054,1429
KZN212,municipality-KZN212,Umdoni,65235,12936,8124,5549,3705,2864,1849,1651,5390,4503,4698,4056,3388,2901,3621
KZN213,municipality-KZN213,Umzumbe,142598,47481,25737,12438,9112,8841,7189,7873,6271,4197,3266,2711,2287,2144,3051
KZN214,municipality-KZN214,UMuziwabantu,86958,31671,15637,7489,5305,4532,3316,3626,4234,2717,2499,2065,1537,1025,1305
KZN215,municipality-KZN215,Ezingoleni,47997,16534,8718,4436,3054,2845,2120,2174,1951,1336,1359,1048,802,738,882
KZN221,municipality-KZN221,uMshwathi,95471,26788,15581,8418,5839,4944,4081,3598,5007,4871,5425,3940,3041,2095,1843
KZN222,municipality-KZN222,uMngeni,73253,12120,7503,5456,3801,2297,1713,1435,7288,6005,7666,6090,4354,3291,4234
KZN223,municipality-KZN223,Mpofana,32535,8459,4534,3023,2106,1488,1132,905,2033,1978,2684,1748,1135,762,548
KZN224,municipality-KZN224,Impendle,28629,9447,4894,2361,1606,1558,1575,1498,1479,977,771,617,592,594,660
KZN225,municipality-KZN225,The Msunduzi,523791,91626,61927,43451,29091,19868,14718,11903,55080,45419,47047,38341,28063,20394,16863
KZN226,municipality-KZN226,Mkhambathini,55256,15069,8789,5407,3483,2886,2292,1891,2714,2789,3620,2419,1595,1236,1066
KZN232,municipality-KZN232,Emnambithi/Ladysmith,206584,54003,29718,18994,12002,9616,7235,5886,17410,11672,13176,10055,7527,5076,4214
KZN233,municipality-KZN233,Indaka,93466,37762,18331,8255,5375,5000,4186,4291,3162,1767,1233,1033,868,896,1307
KZN234,municipality-KZN234,Umtshezi,74207,21433,10918,7185,4717,3526,2753,1990,5428,3648,3788,3326,2451,1643,1401
KZN235,municipality-KZN235,Okhahlamba,113689,40952,20396,11205,7542,5947,4926,4561,5036,2972,2983,2332,1634,1521,1682
KZN236,municipality-KZN236,Imbabazane,99214,33200,18403,10530,6651,5585,4698,3902,4763,2947,2530,1902,1480,1296,1327
KZN242,municipality-KZN242,Nqutu,149937,59029,29364,13459,8843,7874,6548,6657,5248,3218,2595,1985,1623,1568,1926
KZN244,municipality-KZN244,Msinga,161014,66449,29950,13363,10216,8253,7114,7244,5409,3004,2474,1895,1459,1615,2569
KZN245,municipality-KZN245,Umvoti,91168,29228,15011,7459,5584,4778,3650,3557,4602,3912,4245,3111,2479,1765,1787
KZN252,municipality-KZN252,Newcastle,308791,79662,46626,28685,18094,14253,11412,8907,24790,18357,17479,14060,11525,8323,6618
KZN254,municipality-KZN254,Dannhauser,89157,29988,16811,8752,5257,4747,4155,3763,4020,2847,2349,1838,1675,1467,1488
KZN261,municipality-KZN261,eDumbe,72638,26506,13784,7041,4509,3967,2858,2931,2833,1942,2002,1338,1151,745,1031
KZN262,municipality-KZN262,UPhongolo,110360,39088,20819,10241,6231,5132,3849,4133,5011,4119,4545,2919,1875,1149,1249
KZN263,municipality-KZN263,Abaqulusi,178307,56779,30567,16369,10159,8657,6799,6287,10630,7433,7734,5816,4665,3312,3100
KZN265,municipality-KZN265,Nongoma,170078,63647,34837,15168,9364,8695,6938,7438,7373,4773,3596,2723,2013,1643,1870
KZN266,municipality-KZN266,Ulundi,163379,56720,29791,14646,8923,8437,6560,6638,9074,6028,5078,3993,3416,2076,1999
KZN272,municipality-KZN272,Jozini,161528,60749,31870,15208,10075,7967,4974,5594,7367,4822,4485,3326,2206,1240,1645
KZN273,municipality-KZN273,The Big 5 False Bay,29466,10257,5621,2835,1737,1328,949,1094,1319,989,1361,876,512,282,306
KZN274,municipality-KZN274,Hlabisa,63048,22969,12632,5520,3627,3303,2500,2734,2954,1928,1488,1105,883,680,725
KZN275,municipality-KZN275,Mtubatuba,147745,49478,26941,14081,8359,7055,4692,5461,9114,6144,5716,4126,2801,1859,1918
KZN281,municipality-KZN281,Mfolozi,108022,32971,19227,11414,6465,5706,3692,3982,6471,4625,5280,3120,2206,1391,1472
KZN283,municipality-KZN283,Ntambanana,65989,23065,13344,6511,3974,4053,2601,2917,2687,1849,1567,1054,844,692,831
KZN284,municipality-KZN284,uMlalazi,183898,58465,32986,15610,10465,9371,8181,8252,10078,7140,6801,5562,4319,3266,3402
KZN285,municipality-KZN285,Mthonjaneni,42141,14144,6983,3555,2290,2103,1526,1594,2238,1825,2096,1431,1084,632,640
KZN286,municipality-KZN286,Nkandla,102509,37606,19600,8538,5881,5680,5025,5396,3991,2619,2150,1630,1394,1352,1647
KZN291,municipality-KZN291,Mandeni,122104,33405,19425,12154,7644,5910,4114,3561,8119,6909,7942,5466,3535,2131,1789
KZN293,municipality-KZN293,Ndwedwe,124515,41401,22809,11460,7866,7394,6133,6083,5235,4011,3314,2394,2133,1982,2300
KZN294,municipality-KZN294,Maphumulo,86855,31996,16319,6656,4967,4811,4391,4754,3689,2393,1567,1293,1110,1283,1626
KZN431,municipality-KZN431,Ingwe,90374,32675,16104,7900,5614,4859,4097,3601,3984,2609,2524,2017,1516,1357,1517
KZN432,municipality-KZN432,Kwa Sani,10889,2290,1216,841,551,413,291,220,621,788,1368,964,576,415,335
KZN434,municipality-KZN434,Ubuhlebezwe,88231,29657,15568,7735,5608,5136,4270,3769,4017,2866,2838,2148,1714,1336,1569
KZN435,municipality-KZN435,Umzimkhulu,161658,61297,30319,13607,9458,8330,6776,7364,6785,4450,3344,2927,2319,1974,2708
LIM331,municipality-LIM331,Greater Giyani,218995,71027,41624,21608,13649,10538,6889,9843,12091,8056,6014,5781,4708,2858,4309
LIM332,municipality-LIM332,Greater Letaba,192952,60680,37473,17888,12302,9596,7081,10350,8422,6487,5936,5379,3947,2785,4626
LIM333,municipality-LIM333,Greater Tzaneen,353503,94692,58029,35065,23860,17159,11567,13699,21674,15461,17348,15896,12505,7743,8805
LIM335,municipality-LIM335,Maruleng,82828,26178,15218,8500,5430,4004,2782,3421,3586,2566,3121,2977,2172,1324,1549
LIM341,municipality-LIM341,Musina,53800,10669,6642,5902,3260,1499,801,755,4102,4311,6973,4496,2277,1163,950
LIM342,municipality-LIM342,Mutale,83019,27979,14886,7671,5286,3742,2444,3833,4679,3031,2122,2211,1878,1075,2182
LIM343,municipality-LIM343,Thulamela,562652,166935,101253,54971,36620,26945,18024,25247,35506,25506,18112,17405,14544,8709,12875
LIM344,municipality-LIM344,Makhado,466483,136575,76426,41463,28824,21358,15317,24308,30654,20522,17874,17199,14271,8389,13303
LIM351,municipality-LIM351,Blouberg,146275,53275,27796,10915,8180,7124,5841,8763,5467,3937,3741,3358,2474,2014,3390
LIM353,municipality-LIM353,Molemole,96638,29927,15840,7538,5360,4367,3743,5506,5548,3940,3745,3414,2771,1985,2954
LIM354,municipality-LIM354,Polokwane,549067,116613,71141,42589,29297,20094,14299,17192,52831,42771,49526,37666,26235,14684,14129
LIM355,municipality-LIM355,Lepele-Nkumpi,206419,63349,33674,16302,11902,9467,7929,11975,12729,8193,7318,6863,6271,4196,6251
LIM361,municipality-LIM361,Thabazimbi,61912,6130,3711,3635,2476,1528,800,527,7082,6770,12497,7979,5343,2272,1162
LIM362,municipality-LIM362,Lephalale,92883,18431,10732,6083,3866,2821,2014,2453,7872,8876,12528,7213,5226,2728,2040
LIM365,municipality-LIM365,Modimolle,57875,12986,7242,5399,3896,2253,1241,1099,4363,3771,5138,3852,2681,1814,2140
LIM366,municipality-LIM366,Bela-Bela,54182,10154,6202,4510,3174,2178,1275,1218,4402,3749,5465,4273,3225,2097,2260
BUF,municipality-BUF,Buffalo City,637224,119277,70247,49712,39635,33081,21664,20722,62888,45065,51791,42948,36241,23724,20229
EC101,municipality-EC101,Camdeboo,42600,9562,5005,3370,2936,2444,1591,1297,3443,2395,2454,2435,2134,1717,1817
EC105,municipality-EC105,Ndlambe,53277,10828,6007,4634,4220,3316,2066,1923,3670,2372,3157,2985,2539,2403,3157
EC122,municipality-EC122,Mnquma,226839,72104,36779,14723,12389,14369,12931,15325,11328,7521,6074,5822,5255,4919,7300
EC128,municipality-EC128,Nxuba,21850,5612,2814,1888,1739,1526,1081,1165,1197,740,903,752,848,742,843
EC135,municipality-EC135,Intsika Yethu,131498,45644,20942,8352,7082,8597,8319,9967,5085,2925,2528,2470,2338,2638,4611
EC144,municipality-EC144,Gariep,31111,8201,4025,2745,2067,1664,1170,957,2036,1343,1603,1485,1459,1195,1161
EC157,municipality-EC157,King Sabata Dalindyebo,384083,118125,67035,30856,21316,18514,15040,16261,25460,19164,16779,13635,9869,6103,5926
NMA,municipality-NMA,Nelson Mandela Bay,995820,168246,103506,77841,62041,51382,32985,23232,98813,76211,83245,72734,61266,44977,39341
FS164,municipality-FS164,Naledi,21708,5968,3254,2014,1542,1036,883,823,1345,912,1016,828,685,639,763
FS191,municipality-FS191,Setsoto,101481,28286,15272,10748,7171,5304,4005,3472,5908,3815,4610,4029,3443,2661,2757
FS196,municipality-FS196,Mantsopa,46809,12008,6580,4345,3128,2375,1723,1405,3339,2290,2787,2208,1877,1506,1238
MAN,municipality-MAN,Mangaung,652360,116433,70684,47393,35751,27175,17541,15107,70285,59172,62279,48980,36058,24311,21191
EKU,municipality-EKU,Ekurhuleni,2577942,335652,203426,181086,122851,79759,45774,31655,327878,257229,380197,266916,171354,103115,71050
GT422,municipality-GT422,Midvaal,76614,8616,4675,4268,3382,2041,1255,875,9704,7836,9815,8520,6817,4833,3977
GT484,municipality-GT484,Merafong City,159607,23443,13449,10476,7322,5634,2928,1920,18549,14343,21361,17181,13606,5621,3774
JHB,municipality-JHB,City of Johannesburg,3420310,377690,232585,222664,146261,92147,54197,39613,460848,364522,578807,382262,230039,138980,99695
TSH,municipality-TSH,City of Tshwane,2330273,264536,163528,139498,95023,61712,38797,31089,314232,256421,348618,258458,174654,103335,80372
ETH,municipality-ETH,eThekwini,2852076,454505,306635,228869,139986,99240,66416,48181,302740,277188,312071,226031,173619,120891,95704
KZN216,municipality-KZN216,Hibiscus Coast,220203,45786,28542,19414,11868,9199,6250,6108,19113,15063,17004,13088,10051,8417,10300
KZN227,municipality-KZN227,Richmond,56503,16565,9232,5672,4029,2948,2296,1932,2832,2311,2908,2170,1405,1099,1104
KZN241,municipality-KZN241,Endumeni,55796,12319,7223,4451,2874,2156,1461,1177,5670,4168,4250,3381,2917,1995,1754
KZN253,municipality-KZN253,Emadlangeni,28998,9712,5050,2943,2105,1573,1153,1045,1271,853,931,708,605,507,542
KZN271,municipality-KZN271,Umhlabuyalingana,141361,52377,27300,13504,10195,7571,4318,5747,5601,3516,3203,2751,1756,1221,2301
KZN282,municipality-KZN282,uMhlathuze,280231,51538,33556,22374,12785,8729,5572,5000,34246,26711,30620,21462,14594,8155,4889
KZN292,municipality-KZN292,KwaDukuza,202612,43483,24126,18076,11508,7120,4126,3312,18238,16412,20301,14068,9259,6760,5823
KZN433,municipality-KZN433,Greater Kokstad,55688,12321,7057,4711,3139,2099,1070,797,6039,4515,5455,3861,2499,1301,824
LIM334,municipality-LIM334,Ba-Phalaborwa,133184,32558,18114,11867,7693,4725,3026,2940,13124,8844,10121,8235,5922,3682,2333
LIM352,municipality-LIM352,Aganang,120139,39997,20969,8421,6274,6034,5783,8793,5747,3587,2425,2387,2438,2506,4778
LIM364,municipality-LIM364,Mookgopong,29674,5468,3360,2691,1874,1089,618,541,1985,2101,3204,2354,1719,1220,1450
LIM367,municipality-LIM367,Mogalakwena,273853,78483,44260,22884,15875,12402,10077,14424,17261,12009,12850,10631,8511,5813,8373
LIM471,municipality-LIM471,Ephraim Mogale,107732,34412,18495,9768,6745,5145,4147,5936,4529,3669,4218,3392,2744,1895,2637
LIM472,municipality-LIM472,Elias Motsoaledi,222134,70476,38366,19227,12731,10266,8632,11921,11514,8239,8375,6997,5558,4004,5828
LIM473,municipality-LIM473,Makhuduthamaga,251006,86592,44788,23140,16107,12518,11287,16185,10873,5930,5049,4936,4107,3273,6221
LIM474,municipality-LIM474,Fetakgomo,84302,24468,13313,7494,4846,3775,3427,5328,5852,3453,3360,2752,2361,1407,2466
LIM475,municipality-LIM475,Greater Tubatse,296276,80232,45916,28327,16840,11808,8559,11304,24994,16108,19964,13209,8634,4530,5851
MP301,municipality-MP301,Albert Luthuli,165902,52859,29527,13695,9233,8133,6394,6239,10224,7199,7129,5501,3930,2640,3199
MP302,municipality-MP302,Msukaligwa,125114,26724,15433,9363,6436,5019,3301,2337,12983,10058,12453,8261,6241,3806,2699
MP304,municipality-MP304,Pixley Ka Seme,69344,20398,10781,5941,4198,3621,2584,2335,4597,3227,3419,2782,2205,1663,1593
MP305,municipality-MP305,Lekwa,99687,19339,11070,7435,5341,4413,2735,2288,10627,7846,9181,7075,5881,3684,2772
MP306,municipality-MP306,Dipaleseng,35320,7468,4332,3059,2129,1638,1163,932,3103,2403,3137,2003,1590,1166,1197
MP307,municipality-MP307,Govan Mbeki,242097,37389,22091,15472,10616,8778,4826,3585,31762,24912,31263,20510,17146,8763,4984
MP312,municipality-MP312,Emalahleni,340701,42252,26290,19318,13378,10009,5959,3743,49034,38938,49491,33473,26254,14319,8243
MP313,municipality-MP313,Steve Tshwete,188388,21649,13331,9696,6968,5061,3150,2279,28411,21845,27219,20039,15163,8398,5179
MP314,municipality-MP314,Emakhazeni,38764,7381,4372,2944,2012,1438,955,868,3983,2999,4065,2850,2082,1471,1344
MP315,municipality-MP315,Thembisile,286537,76000,44074,27927,19230,14807,11317,9612,20214,14881,14510,12309,9799,6324,5533
MP316,municipality-MP316,Dr JS Moroka,230651,64065,36686,21157,14981,11245,10250,12878,14127,9750,8188,7358,7115,5475,7376
MP321,municipality-MP321,Thaba Chweu,80211,12931,7443,5185,3596,2418,1773,1577,9024,7152,10207,8028,5477,2987,2413
MP323,municipality-MP323,Umjindi,56403,10792,5945,4307,2934,1832,1082,956,6422,4830,5884,4525,3380,1965,1549
MP324,municipality-MP324,Nkomazi,341298,103472,60534,34485,21105,13476,8910,10396,23279,18167,17968,12488,7788,4415,4815
MP325,municipality-MP325,Bushbuckridge,498808,164295,92786,49994,32149,22005,16910,19933,27850,17616,15780,13996,10039,6274,9181
NW371,municipality-NW371,Moretele,161932,42810,23115,15362,10333,7753,6943,8221,10083,7506,7699,5561,5013,4831,6702
NW372,municipality-NW372,Madibeng,400887,67254,39033,30660,20290,14515,10287,9335,40478,34701,47653,32827,25325,15665,12864
NW374,municipality-NW374,Kgetlengrivier,41688,9254,4875,3706,2796,2081,1375,1076,2844,2505,3169,2674,2213,1679,1441
NW375,municipality-NW375,Moses Kotane,204944,44685,23386,15121,11081,9462,7859,9218,18472,12932,15445,11474,9978,6873,8958
NW381,municipality-NW381,Ratlou,93434,34371,15527,8094,6284,5645,4554,5451,2857,1820,1802,1630,1489,1558,2352
NW382,municipality-NW382,Tswaing,111105,34763,17867,10685,7792,7080,4724,4315,4855,3357,3764,3485,3190,2494,2734
NW383,municipality-NW383,Mafikeng,253759,58655,32705,20020,15904,11859,7990,7758,23808,18048,16886,15249,12288,6771,5818
NW385,municipality-NW385,Ramotshere Moiloa,132539,37213,18345,11669,9169,7291,6122,6583,7635,5116,5723,5089,4554,3628,4402
NW392,municipality-NW392,Naledi,58405,13055,6880,5205,3765,3059,1792,1335,5098,3554,4187,3776,2984,2113,1602
NW393,municipality-NW393,Mamusa,54059,17171,8359,5718,3746,3230,2189,1704,2582,1656,2146,1789,1417,1190,1162
NW394,municipality-NW394,Greater Taung,157314,52832,25543,13706,10172,8763,7732,9422,6483,4129,3691,3652,3566,3188,4435
NW397,municipality-NW397,Kagisano/Molopo,92212,32302,13834,8085,6229,5621,3954,4101,3416,2595,2968,2758,2402,1941,2006
NW401,municipality-NW401,Ventersdorp,48102,12386,6922,5396,3683,3015,2083,1802,2527,1892,2252,1907,1402,1346,1489
NW402,municipality-NW402,Tlokwe City Council,139405,21082,11892,9675,7312,5663,3573,2725,16110,13700,14219,12142,9439,6339,5534
NW403,municipality-NW403,City of Matlosana,339809,65953,36403,27138,20270,16618,9956,7247,33852,24093,29427,24577,19890,12785,11600
NW404,municipality-NW404,Maquassi Hills,68954,19410,10037,7698,5453,4265,2670,1957,3543,2471,2996,2514,2219,1873,1848
NC061,municipality-NC061,Richtersveld,10790,1260,671,515,578,439,281,251,1397,943,1232,1098,969,581,575
NC064,municipality-NC064,Kamiesberg,9254,1827,771,635,674,552,391,498,681,433,450,486,603,524,729
NC065,municipality-NC065,Hantam,19677,3559,1772,1194,1260,1102,668,617,1891,1361,1269,1315,1272,1086,1311
NC066,municipality-NC066,Karoo Hoogland,10812,2081,899,672,909,649,366,337,938,603,614,686,745,636,677
NC067,municipality-NC067,Kh√¢i-Ma,11475,1887,871,646,625,472,333,450,1150,1158,1378,944,716,400,445
NC072,municipality-NC072,Umsobomvu,25843,5867,2993,2072,1414,1313,974,1440,2120,1369,1678,1413,1085,894,1211
NC073,municipality-NC073,Emthanjeni,39164,8301,3935,2572,2240,1980,1299,1583,4025,2690,2687,2431,2036,1657,1728
NC074,municipality-NC074,Kareeberg,10584,2444,1152,701,837,693,473,565,703,471,513,487,495,484,566
NC075,municipality-NC075,Renosterberg,10217,2489,1074,757,676,528,412,421,850,515,586,510,473,422,504
NC076,municipality-NC076,Thembelihle,14498,3128,1521,1046,944,781,422,643,1326,975,934,842,699,588,649
NC078,municipality-NC078,Siyancuma,32486,7733,3943,2752,2352,1872,1142,1611,2469,1568,1884,1593,1268,1032,1267
NC081,municipality-NC081,Mier,6305,1567,732,473,465,324,240,366,455,330,309,294,245,223,282
NC082,municipality-NC082,Kai !Garib,59672,10393,5357,3786,3365,2622,1540,1913,4326,7357,7255,4262,3059,2060,2377
NC083,municipality-NC083,//Khara Hais,84662,15699,8512,5552,5015,3828,2255,3048,9571,6712,6894,6002,4701,3109,3764
NC084,municipality-NC084,!Kheis,15301,4370,1619,1334,1217,916,577,580,1034,725,836,663,546,470,414
NC086,municipality-NC086,Kgatelopele,17051,2917,1624,1091,825,751,469,551,2056,1409,1707,1378,1129,607,537
NC091,municipality-NC091,Sol Plaatjie,223314,36378,21669,15677,12320,9459,6195,8879,25324,17381,19956,16875,12670,8903,11628
NC092,municipality-NC092,Dikgatlong,41528,10160,5244,3905,3102,2410,1485,2138,2778,1953,2179,1850,1473,1252,1599
NC093,municipality-NC093,Magareng,22341,5317,2987,1897,1485,1271,912,1610,1325,960,1006,937,825,687,1122
NC451,municipality-NC451,Joe Morolong,79010,28862,12406,6803,4944,4538,3775,4093,3114,1990,2055,1762,1640,1373,1655
NC452,municipality-NC452,Ga-Segonyana,82111,19650,10092,6542,4705,3536,2516,2046,8458,5504,6722,5004,3556,2071,1709
NC453,municipality-NC453,Gamagara,34634,4498,2665,1916,1456,1107,646,768,4549,3653,5919,3386,2180,1183,708
CPT,municipality-CPT,City of Cape Town,3085056,386636,235174,196850,142807,100478,54827,34953,411960,319080,387471,297075,232485,152731,132529
WC011,municipality-WC011,Matzikama,61346,9846,5062,3803,3465,2696,1397,1019,7127,5470,5619,5075,4707,3245,2815
WC013,municipality-WC013,Bergrivier,53403,6901,3301,2654,2760,1866,1026,701,7102,5485,5426,5276,4589,3371,2945
WC014,municipality-WC014,Saldanha Bay,84660,10240,5991,4772,4042,2822,1497,891,12282,9048,9973,8454,6766,4427,3455
WC015,municipality-WC015,Swartland,94864,12798,6663,5206,5009,3497,1840,1104,13006,9749,9775,9153,7491,5136,4437
WC022,municipality-WC022,Witzenberg,107566,16194,9382,7568,6671,4452,2360,1408,11703,10606,12599,9857,7347,4253,3166
WC023,municipality-WC023,Drakenstein,208249,27189,16506,11942,10804,7979,4424,2938,28067,21798,21013,19815,17192,10310,8272
WC025,municipality-WC025,Breede Valley,145157,23744,12546,9129,8422,5775,3393,2064,18322,13352,13756,12138,10493,6747,5276
WC026,municipality-WC026,Langeberg,88284,16281,8632,6367,6102,4196,2152,1396,9459,6960,6911,6371,5771,3942,3744
WC031,municipality-WC031,Theewaterskloof,92548,13662,7802,6442,5730,4013,2097,1222,10985,8606,9524,8254,6718,4165,3328
WC032,municipality-WC032,Overstrand,63860,7782,4393,4795,3237,1954,946,678,6766,4823,6817,5412,4310,4741,7206
WC034,municipality-WC034,Swellendam,32815,5296,2676,2045,2014,1527,729,479,3632,2826,2862,2653,2491,1787,1798
WC041,municipality-WC041,Kannaland,22688,4990,2593,1871,1828,1413,862,598,1741,1211,1080,1180,1207,971,1143
WC042,municipality-WC042,Hessequa,47743,6729,3467,2752,2719,2171,1246,859,5284,3672,3802,3849,3756,3316,4121
WC043,municipality-WC043,Mossel Bay,65615,8608,5017,4329,3610,2592,1488,1009,6907,5195,6122,5509,4843,4605,5781
